提问,回答
怎么操作可以禁止员工登陆APP,花名册解除下手机号绑定即可（花名册邀请后可再次登录）
生日类型如何调整,可在花名册员工详情中修改生日类型
如何让员工登不上自己的APP,花名册解除下手机号绑定即可（花名册邀请后可再次登录）
花名册人员数量超过限制怎么办,如果超出限额， 需联系联系贵司专属的成功经理沟通增购事宜
工号批量修改如何操作,可以，导入的表格中需要员工姓名和手机号（或证件号），来改工号，且需要注意工号不能有重复的。
请问员工的汇报对象怎么维护,花名册可以导出查看之前维护的员工的直属领导是什么。也可以批量导入维护，也可以进入员工详情编辑。选择员工对应汇报类型的汇报对象。
员工的手机号怎么在系统上修改,在员工详情中，编辑的状态下，点手机号前面的问号，解除绑定，即可修改。修改后重新发邀请，员工用新手机号登即可。
员工的工龄数据是持续更新吗,"入职本公司工龄（系统中的司龄）可以自动更新，历史工龄不可以。
当员工入职时，会有一个历史工龄，该工龄是指员工在入职本公司之前，在其他公司的历史累计工龄。该工龄数据是历史数据，由HR填写，员工在本公司工作期间，该数据不会更新。
同时员工入职以后，会有一个司龄。这个数据会按照入职时间自动更新。"
员工的离职日期可以修改吗,"进入已离职了，只有在花名册的已离职中通过导入修改的方式，修改员工的离职日期。
注意：导入时，表格中离职字段都需要有填写再导入。"
员工的离职日期怎么修改,"进入已离职了，只有在花名册的已离职中通过导入修改的方式，修改员工的离职日期。
注意：导入时，表格中离职字段都需要有填写再导入。"
已离职的员工离职日期怎么修改,"进入已离职了，只有在花名册的已离职中通过导入修改的方式，修改员工的离职日期。
注意：导入时，表格中离职字段都需要有填写再导入。"
预生成的排班管理表是按照什么规则生成的,"系统每天会自动生成当前日期之后60天的排班:

A. 已设置“循环排班”人员按照循环生成排班，到期后自动循环下去；

B. 未设置“循环排班”人员按照前30天常用班次进行排班：
30天是指：要排班的起始日期(不是今天)往前推30天；
常用班次说明：取30天内除了休班次以外最常用的班次；
     如果有多个最常用班次，取最近一个；
      如果一个都没有，则认为是新员工；
      常用班次需要和员工所在班组中的班次比对，如果不在里面，可能员工已更换班组，按新班组排班；

新员工：由于取不到30天的常用班次，则取所在班组中上班时间最早的班次；
新班组：取所在班组中上班时间最早的班次；"
招聘模块里录用审批通过后进入花名册的是否会同步他简历中的工作经历、学校信息等,会同步员工上传的身份证照片，但是不会同步工作经历和学校信息。
附加减分扣10是正数10还是负数10,附加减分的分值是需要设置为负数，扣的是-10
评估完成待归档的绩效一直不点归档会出现一段时间不显示吗,没有影响，会一直存在的。
变更了处理人在哪查看操作记录,考核进度里若变更了当前处理人了的，可以点一下考核名称，然后进入变更记录看点击后面的查看可以查看详细内容 。
人脸打卡老是失败,建议在考勤-考勤设置-考勤机-考勤号码中找到该员工后清除人脸信息后重新录入  
请问员工的汇报对象怎么维护,花名册可以导出查看之前维护的员工的直属领导是什么。也可以批量导入维护，也可以进入员工详情编辑。选择员工对应汇报类型的汇报对象。
员工出生日期填成阴历了怎么修改为阳历,可在花名册员工详情中修改生日类型
为什么花名册里的员工有的能选职级有的不能选,职级是关联职位或职务的，需要先选择对应的职位和职务
怎么可以让员工登不上自己的APP,花名册解除下手机号绑定即可（花名册邀请后可再次登录）
上传人员花名册系统提示超限额,如果超出限额， 需联系联系贵司专属的成功经理沟通增购事宜
身份证号报错,"身份证号是强校验信息，如果数字或者格式有错误会提示报错，请核实确认身份证信息。
例如：输入的数据是【中国护照】的，误勾选为【居民身份证】时，数字或格式有错误时就会提示报错。"
花名册中工号是否可以批量修改,可以，导入的表格中需要员工姓名和手机号（或证件号），来改工号，且需要注意工号不能有重复的。
在花名册里新增人员的时候部门是必填但是为什么下拉框没有选项,当下拉框没有选项时，需要先在【组织】-【组织架构】-【部门】处创建需要的部门。
请问员工的直属领导怎么维护,花名册可以导出查看之前维护的员工的直属领导是什么。也可以批量导入维护，也可以进入员工详情编辑。选择员工对应汇报类型的汇报对象。
手机号怎么在花名册修改,在员工详情中，编辑的状态下，点手机号前面的问号，解除绑定，即可修改。修改后重新发邀请，员工用新手机号登即可。
在花名册导入提示部门导入不了,注意：部门在线下表格中需要写完整的部门路径 ，从所属公司依次写，各层级用斜杠隔开  (公司/一级部门/...)
员工的工龄数据是不断自动更新的吗,"入职本公司工龄（系统中的司龄）可以自动更新，历史工龄不可以。
当员工入职时，会有一个历史工龄，该工龄是指员工在入职本公司之前，在其他公司的历史累计工龄。该工龄数据是历史数据，由HR填写，员工在本公司工作期间，该数据不会更新。
同时员工入职以后，会有一个司龄。这个数据会按照入职时间自动更新。"
如果不小心将员工删除了怎么办,目前花名册里面删除员工后无法恢复，只能重新录入信息。
员工花名册录入之后员工列表的名单显示不完整,查看下右下角每页显示数量，可以调整或者分页显示。
已离职员工是否可以直接修改离职日期,"进入已离职了，只有在花名册的已离职中通过导入修改的方式，修改员工的离职日期。
注意：导入时，表格中离职字段都需要有填写再导入。"
如何实现花名册的信息录入,"1.若您有在职员工的数据，可以直接以excel表的形式导入。
适用于员工已经入职的，且人数较多，可一次性全部导入，导入支持精简模板和自定义导入模板的下载。
在设置自定义模版时，需遵循以下原则： 
a. 里面有些维度项，系统已经设置好了备选项，则必须在导入的excel表中该维度下面也采用相同的选项，否则系统将不能识别，无法导入；
b. 导入的 Excel 表表头（第一行）里的列名必须与系统中所选定的表头维度名称完全相同（其中姓名、证件号、手机号码、入职日期是必填的）；
c. 表头维度顺序可与系统中不一致；
d. 可以单独导入几列，适用于单独更新某几列数据。其中姓名必填以及请确保“证件号”、“手机号”、“工号”三者有其一必填，再加上需要单独进行修改的几列数据。
为了方便您导入，我们设置了模版。您可以先下载模版，然后把您excel表的数据按照列分别复制过去，再导入即可。

2.新入职的员工，可以通过手机端办理入职；
通过微信扫码入职的员工，会进入到【员工】-【异动】-【入职】-【入职登记表】中，审批通过后会进入待入职，可以正常发起入职审批，当HR审批完成以后，确认员工后，到了入职日期时间。该员工信息会自动加入到花名册中；
适用于新增入职员工，员工扫码填写入职登记表，无需HR进行员工个人信息的收集。

3.花名册也可以直接新增单个员工的数据或导入。"
为什么员工花名册全部或部分导入不了,"可能有以下原因：
1、您导入的文件不是xls、xlsx（即我们通常所说的excel表）格式文件；
2、您导入的文件的第一行的维度名称，和系统设定的维度名称不一致；
3、您导入的文件中所列内容，不是系统中所备选的内容。比如：婚姻状况，系统中只有“已婚”和“未婚”两种，您的文件中可能含有“离婚”等选项。
4、您导入的Excel文件的第一行，不是花名册维度，而是其他内容；
5、您导入的excel文件里必须包含：姓名、证件类型、证件号、入职日期、手机号这五项，缺少其中一项都导入不进去；
6、您导入的excel表文件中，姓名不同但手机号或身份证号有重复，会被系统默认为是同一个人，就会导不进去；
7、您导入的excel表文件中，有其他非法或特殊字符，不要有公式项，引用项，；
请先下载模版，然后把您excel表的纯数据按照列分别复制过去，再导入即可。"
花名册导出有操作日志吗,花名册有操作日志的功能。目前只有主管理员有此权限，且无法进行权限分配。
花名册操作日志中数据比较多怎么便于查询,可以建立筛选，以时间段来查询。
员工花名册员工详情页可以导出成PDF格式吗,"可以的。
在员工花名册员工详情页点击【打印】按钮，目标打印机这里更改选择【另存为PDF】，保存后即为PDF格式。"
为什么系统会提示该员工尚未关联公司,"出现“尚未关联公司”代表HR未邀请员工绑定所在公司。
“是否关联APP”指的是员工是否在APP上登录过自己的账号关联了公司，如果员工已经在i人事App成功登录，那状态会自动变成“是”；状态为“否”则说明该员工还未在APP上登录。
路径：【员工】-【花名册】-【有XX名员工未绑定去邀请】-选择“一键全部发送”或勾选员工姓名后点击“批量邀请”-【发送】"
生日名单中的数据如何修改,"生日名单的信息，也是随着花名册中的数据自动生成的，且和花名册中数据保持一致的。在缺省状态下，系统自动生成自当前日开始为期一个月的生日名单，HR可以自行筛选日期，生成其他月的生日名单。生日名单也可以导出。
如果某员工在花名册中的生日设置为农历，系统会自动将本年的农历生日转换成本年的公历日期，并显示在生日名单中。"
没有改过密码但是原始密码登录不上是怎么回事,"【初始密码后六位】由花名册注册才是；
短信快捷方式登录后，默认密码为【手机号后六位】。
 若是员工登录过APP，然后有填写过新的密码的。忘记了，可以在账号密码登录的时候点忘记密码设置一个新的密码。"
导入花名册提示第x行数据存在错误怎么去核实,在核实时需要去查看的是第x+1行（提示的第x行是不包括表头的）
在员工花名册勾选了部分人员再点击导出是导出的勾选这部分人员的信息吗,这种情况下是导出的是所有人的信息，只有通过条件筛选之后页面显示的人员，才是精确导出
花名册里的头像与App的头像是一致的吗,不是，花名册的头像只能HR编辑或员工在APP-我的档案里修改；员工在自助端-个人信息和“APP端-我的”头像是一致的。
为什么我们公司的外籍员工也按国内员工的政策进行了算税,一般此类员工的判断是取的花名册详情页-薪资页签-纳税人身份是居民还是非居民的设置。
花名册详情页的福利信息编辑后社保-员工福利档案会同步更新吗,会的
员工花名册详情页面绩效档案我直接在这里添加编辑的信息会同步到绩效模块吗,不会
在职证明可以下载吗,可以，在【员工-花名册-在职证明-打印】页面，目标打印机选择“另存为PDF”-保存即可
能批量开具证明吗,可以，在花名册勾选多个人员后点击开具证明
花名册信息太多了每次往后一拖就不知道哪行信息是我需要的了,"1.通过筛选关键信息进行搜索查看（例如员工姓名、所属部门）；
2. 表格相关设置-锁定前几列；表格相关设置-调整已选字段。"
我新增了退休返聘与驻家办公两个员工分类标签为什么在花名册这里看不到呢,将光标移动至“在职”按钮上，即可看到显示的小齿轮，点击勾选即可显示。
我看有些员工有试用期状态有些没有是什么原因呢,无【试用期到期日】时，【试用期状态】字段不展示；有【试用期到期日】，且待转正列表无记录时，【试用期状态】的值为【已转正】；有【试用期到期日】，且待转正列表有记录时，【试用期状态】的值为【试用期】
花名册出生日期能自动带出吗,先在“证件类型”上选择“居民身份证”，然后再填写身份证号码。必须按照此顺序进行编辑，若填写顺序不一致，将不会带出。
在APP公司通讯录里查看到的头像与上传的头像不一致是怎么回事,APP上传的是个人头像，通讯录展示的是员工-花名册里的头像。
信息变更走什么流程可以设置,信息变更只能由HR手动在员工档案-信息变更中查看并审批，员工可在App端，【我的】→【我的档案】中查看和编辑所有授权的花名册信息
我在APP上提交教育经历的修改在HR审批通过前可以重新提交一次吗,"不可以，需要HR审核之后才能再次提交。
需要管理员审批的位置在【员工】-【员工档案】-【信息变更】中。"
员工合同到期了重新签了合同期限在i人事怎么修改,如果不需要审批，点击【续签合同】；需要审批点击【发起续签审批】
历史合同信息怎么无法删除,有删除权限才会出现【删除】按钮
花名册详情中的合同信息与合同管理里的信息关联吗,关联，花名册的“合同信息”与【合同管理】的“合同记录”当前合同同步显示。
合同预警如何设置,"合同预警是自动的。
合同预警可以在【员工】-【合同管理】-【合同记录】页面进行查看。在【员工】-【员工设置】-【合同设置】里设置预警通知的提前天数。"
当前合同要到期了会有系统通知给负责人吗,可以在【账号】-【基础设置】-【消息模板设置】中设置合同到期提醒需要通知给的人员
编辑合同和变更合同有什么区别,变更合同会将之前的合同变为历史合同；编辑只是在原合同的基础上进行修改。
续签合同和发起续签审批有什么区别,"续签合同：省略续签审批过程，直接进行续签，生成一份新合同。
发起续签审批：审批通过后，再生成一份新合同。"
怎么发起电子签约签署续签合同,先在合同管理中维护当前需要续签的合同，然后发起电子签约。
我点击变更合同提示当前合同信息不完善是怎么回事,需要先把当前合同完善，红色带*号的都是必填项。
发起电子签约发起获取不了薪资,主管理员需要给子管理员薪资档案的查看权限。子管理员发起才可以获取薪资数据。
我们这个月才开始使用系统有很多历史合同怎么加到系统里面,员工-合同管理-合同记录-批量新增历史合同，可以批量导入
员工在i人事里但是发起电子签约跳转到法大大页面后找不到这名员工,如果是新员工入职，是马上去法大大电子签约那边排队，可能同步会有延迟。
这个电子签约时免费使用吗,不是，费用以系统上价格为准
电子签约记录可以允许领导查看本部门或企业内员工查看吗,员工可以到手机APP-我的-工作信息-查看合同记录；部门领导只能获得授权后，到后台合同管理页面查看
公司主体中添加不了公司名称,公司名称是只有通过选择的。若有新的公司名称要创建，在【组织】-【组织架构】-【法律实体】中进行创建。
认证中的社会信用代码怎么修改,如果是通过法人认证，可以在法大大界面直接填写新的信用代码就可以，法大大能编辑认证就可以，系统以法大大填的数据为准。
电子签约公司主体怎么变更管理员,"1.点击右上角的变更管理员，发送邀请，接收取决于员工设置-合同设置-实名认证邀请通知方式中配置的通知方式
2.新管理员实名并加入公司后，再次点击变更管理员选择对应新管理员
3.旧管理员会收到信息，点击确认后完成管理员变更操作（需要旧管理员提供验证码，完成变更）"
续签合同抓不到薪资档案数据,请检查下合同模板里是否有添加 “薪资档案”字段
印章没有编码是否有效,"1.实际公章是有编码的。系统自动生成的公章没有编码，仍然是具有法律效力的，完成实名认证并通过印章审核后，会生成一个CA证书，然后加盖到电子合同上后，用Adobe reader打开后，点击签章，有数字签名的信息，且是有效未修改的，具有法律效力。
2.系统这边横排文字会有8个字符的限制，公章编码如果超出了限制就没办法输入，如果线下的公章是有编码的，建议之后仍然使用本地上传，保证线上和线下公章一致。这边字符限制正在需求优化中。"
入职登记表入职审批都有为什么显示是已放弃,"入职操作流程：在个人设置-企业二维码（提供入职二维码供员工扫码填写入职登记表，填写完成提交后）-异动-入职-入职登记表（入职登记表审核，审核完成进入“审核结果”中）-待入职会有员工信息(若需要发起入职审批)-发起入职审批（审批完成后，请确认员工信息无误后）-待入职中点击员工确认入职
若相关审批没有完成，直接点击确认入职，则会显示已放弃。
处理方式：可在此处放弃入职或删除待入职员工数据，重新走入职流程。"
员工填了入职登记表提交后信息在哪,员工若提交了入职登记表，在【员工】-【异动】-【入职】-【待入职】-【入职登记表】中查看员工提交的信息，并完成审批。
为什么员工扫描入职二维码后hr查看不到入职登记表,"1.若员工入职登记表中有填写部门，可以看下hr账号是否有员工所选部门的管理权限。
2.若员工入职登记表没有填写部门，那就只有提供入职二维码的HR与超级管理员可以查看。"
为什么确认入职了还在待入职中,待入职的员工，到了入职日期才会进入已入职、花名册中。
入职登记表如果发现员工填写有问题可以退回去让员工重新填写吗,可以，在入职登记表审核界面点击退回即可
入职页面的入职审批是用于做什么的,查看入职流程的审批进度，有权限的HR可以操作【转审批人、同意、作废、撤回】
转正日期提醒在哪里设置,转正日期提醒是分开的，消息模板中可以设置接收人等；转正列表中的仅是反色显示提醒到HR的。
待转正列表没有待转正的员工是什么原因呢怎么没有新增按钮呢,待转正列表的员工数据来源于员工-花名册-试用期到期日是否填写。
如何撤销员工的转正,可以撤销转正，在转正-已转正列表点击员工姓名后面的操作按钮，点击“撤销转正”即可。
可以设置员工试用期到期后自动确认转正吗,"超级管理员账号勾选“试用期到期自动转正”
温馨提示：只有超级管理员账号能勾选该设置，子账号都不能勾选上"
我担心会错过时间没有及时给员工办理转正可以怎么设置提醒到我吗,"员工-异动-转正-待转正-设置提醒；
若是要收到消息提醒的，可以在【账号】-【基础设置】-【消息模板设置】中设置通知的对象。"
发起调动时无法选择新部门怎么办,调动审批有对应的数据权限，发起调动时也会受影响，请检查下图路径配置：
发起待调动时怎么新增调动原因,在账号-基础设置-选项设置中找到调动原因新增
员工没有调动中的审批发起调动提示有发起了的,检查是否有已撤回的调动审批，撤回的审批需要作废后才能重新发起
发生了调动个税扣缴义务人是自动变更吗,不行，需要请前往薪资-员工薪资档案中，修改个税扣缴义务人
如何增加调动类型选项设置,在账号-基础设置-选项设置中找到调动类型新增
发起调动审批为什么提示重复,在更多-调动审批中查看是否有这个员工没有作废的单据。若有已撤回的也请作废掉。才可以发起新的。
员工离职后之前审批人是员工怎么处理,确认离职时，会有审批交接选项，调整后审批人会自动更新成交接人：
有权限的子账号正确的离职步骤是什么,"1.先需要现在账号-权限管理-用户管理处，看是否需要移交离职子账号权限
2.再在用户管理处，看是否需要删除此离职员工？
3.以上确认后，最后进行正常进行后续离职操作即可
注意：如果有权限员工离职了，不移交权限，员工是仍然能登录账号查看设置的"
员工离职以后手机端还能看到相关信息吗,员工离职以后，员工的手机端就自动和后台解除了关联，手机端无法再登录，也看不到相关手机端的数据了。
离职交接的模板要怎么修改,在异动，离职交接，交接模板处可修改
系统离职工作交接是什么时候开始的,需要在离职审批通过后，再发起工作交接
没点确认离职这一步 怎么就到已离职里边去了,"1、确认是否是其他管理员点了确认离职
2、是否在【员工设置】-【离职设置】中设置了审批之后自动确认离职"
办理离职的员工为什么还存在于在职人员里,如果操作员工离职时，选择的离职日期是当天及以后日期的，办理离职后员工还是存在于在职人员列表里，到了离职日期的第二天会自动进入离职人员列表里。
HR如何办理员工离职,"HR可以在【员工】-【花名册】-【操作】-【离职】处由HR发起员工的离职申请。HR也可以在【员工】-【异动】-【离职】当中给员工办理离职
此情况适用于当员工没办法通过手机端办理离职时，或员工被动离职时，HR可以在此直接发起对该员工的离职程序。"
如何直接在花名册中改变员工的在职状态比如说从离职改为在职或从在职改为离职,"为了维护数据的严谨性，系统不允许直接修改员工的状态，否则将对数据的统一性产生影响。
1、如果想从离职改为在职，可以通过复职的方式办理。
2、如果想从在职改为离职：可以由HR直接在【员工】【异动】-【离职】发起该员工的离职，并提交给自己审批。审批通过以后，HR归档后，员工状态将自动变为离职。
3、如果该员工的数据已经无用，可以直接删除。删除以后的数据将不在系统里。请慎重使用。"
HR发起批量离职能否操作,在【员工】-【异动】-【离职】当中可以批量导入离职员工信息和批量确认离职。
离职员工怎么删除,【员工】-【花名册】，选择“已离职”类别员工勾选要删除的员工，点击页面左下方删除按钮即可。
员工可以申请当天离职吗,可以，在【员工】-【员工设置】-【离职设置】可以编辑员工提前申请离职的时间。
为什么已离职人员复职时在待入职列表中发起入职审批时提示证件号和花名册离职人员重复不可提交,"入职不是复职，复职员工不能走入职流程。
复职直接在【员工-花名册-已离职】列表，操作复职。"
员工入职了但是在异动记录里面查不到,"只有走入职流程的，才可以在【异动记录】里查看到到入职记录；
直接在花名册里面由HR操作新增的，在【异动记录】里面是查看不到的。"
请问现在异动记录的部门若操作调动是显示现在所在部门还是调动前所在部门,目前调动记录里面是原部门，现职位；异动记录里面是原部门，原职位。
为什么只授予子账号一个部门的权限他却可以看到整个公司的异动记录,目前异动记录没有数据权限控制。
人员流动分析表可以自定义时间范围吗,可以，在页面右上角选择时间范围查询
人员流动分析表的入职率和离职率可以自定义公式吗,目前不支持自定义公式
我有一些员工信息花名册里没有对应录入的地方应该怎么操作,员工-员工设置-自定义信息集-新增字段或子集
设置成无效的字段花名册是否还显示,设置无效。花名册则无此字段。
入职登记表中需要增加字段怎么操作,"在自定义信息集中先查看是否有需要的字段。若有点击编辑里面是否有入职配置。需开启。
若自定义信息集中也没有，需要先创建字段并将入职配置开启，再到【员工设置】-【入职登记表设置】中设置是否需要显示和必填的情况。"
手机花名册团队信息授权权限是怎么确认的,"花名册查看权限，仅有部门负责人有
1.员工只是部门负责人，手机花名册可以查看部门下员工的花名册信息；
2.员工是部门负责人，并且有在账号-权限管理-用户管理处，没有给管理范围授权，则是不显示花名册信息；
3.员工是部门负责人，并且有在账号-权限管理-用户管理处，有给管理范围授权，以管理范围授权的部门为准。"
员工在使用i人事APP在我的-我的档案里的信息有些需要HR审批才能修改应该怎么设置,在员工-员工设置-手机花名册设置中设置员工可修改的字段范围
如果不想让某个员工的联系信息出现在手机里的通讯录如何操作,HR在【员工】-【员工设置】-【通讯录设置】里，在该员工后面选择“全部隐藏”即可。
我们在办理员工入职时需要线上收集如学历证书和学位证书等资料,【员工】-【员工设置】-【入职设置】可以设置是否开启线上收集入职材料，并且可以设置上传的资料是否为必填。
需要设置员工求职登记时不能选择30天之外的最快到岗时间,员工-员工设置-入职设置中设置限制
员工发起转正申请最多可提前7天应该怎么设置,员工-员工设置-转正设置-规则设置中调整
员工发起调动申请只能搜索到我们集团下的公司不能搜索整个集团怎么操作,【员工】-【员工设置】-【调动设置】中设置可搜索的范围
调动审批通过后我不想再去点这个确认调动是否可以自动确认调动,【员工】-【员工设置】-【调动设置】勾选调动审批通过后自动确认
发起调动时怎么取消掉里面的一些必填设置设置成非必填,在【员工设置】-【调动设置】的表单设置处可设置是否必填
我们公司要求正式员工离职申请时至少提前30天发起申请试用期至少提前7天怎么设置,【员工-员工设置-离职设置】，只能统一设置提前多少天申请离职，暂不支持根据“正式员工和试用期员工”进行设置。
我们公司需要设置第三次签订合同时就默认为无固定期限劳动合同了应该怎么设置,【员工】-【员工设置】-【合同设置】
入职登记表的有些项目是不需要的,【员工】-【员工设置】-【入职登记表设置】中取消不需要的字段
入职表单内容能不能添加字段找不到添加字段的选项,入职登记表若增加字段。需要先在自定义信息集中有这个字段（没有就创建），并将入职配置是否有效开启，然后到入职登记表编辑相关情况。若是附件材料要增加是先在入职设置-入职材料添加收集内容。最后到入职登记表设置中编辑。
工号编号如何处理,"一、支持按部门和员工类型设置多套工号方案
二、新增员工时，会根据员工所属部门和员工类型自动检查匹配的工号方案，并生成对应工号"
有些员工是因为特殊问题离职的是否可以设置下次如果入职时系统会有提醒,员工离职可加入黑名单【员工-员工设置-黑名单】
怎么将加入黑名单的人员剔除,【员工】-【员工设置】-【黑名单】找到人员选择无效或者删除即可
如何设置某员工为部门负责人,在组织的【部门】或【组织架构图】中，【编辑】在弹框中可以点击【部门负责人】选择某员工为该部门的负责人。
部门处修改了部门负责人是否可以查到是谁修改的,可以在变更记录中查看修改记录
部门处没有变更记录是什么情况呢,需要主管理员才可以查看此处的变更记录。
工作地点有什么用,"工作地点是指劳动者所在岗位的具体地理位置，比如某集团公司有北京总部、上海分部、广州分部等，可以在此记录，然后在员工-花名册-员工基础信息里维护【工作地点】时才可以选择到。
如果贵司一家跨区域型企业，或者有多家门店、分支机构的组织，可以在此处维护每个具体的经营地址。"
组织构架图的展示方向可以设置吗,点击设置，可配置组织展示方向，默认展示层级内的最后一级竖向显示
请问增加职位在哪里增加,新职位可以在【组织】-【职位体系】-【职位】中新增
增加职位时提示“职位名称重复”但筛选没有重复名称的是什么情况呢,注意：在设置中，将停用的展示出来，再进行筛选，避免停用中有此职位，若是有就不用新建，可以直接启用。
体系表中适用范围怎么改,体系表中的职级适用方式有两种，一种是职位，一种是职务。在【职级体系】-【体系表】中右上角的设置中。此选项选择正确后，对应的职级可点击后面的编辑选择具体的适用范围。
福利方案如何设置养老和医疗不同基数,福利方案-基本设置中关闭统一基数后，就可以单独设置各险种的基数
福利方案里选择完市之后有社保公积金数据但是选择区后就没有数据是什么原因,如果该城市各区都是使用的同一套社保数据，那么只需要选择前两项即可，不需要再选择区了。
社保公积金能不能调整上下限比例等,可以的，新增社保、公积金方案时，各险种及公积金的上下限、比例、保留小数计算规则、生效月等均可自定义设置。
给子账号分配了 社保模块 看不到方案数据,福利方案需要分享后才能查看
员工福利档案里面员工社保基数调整了为什么台账里计算没有变化,在员工福利档案里调整完员工的社保基数后，在【福利台账】-【重新核算】点击按钮后进行操作，才可根据最新的员工基数进行计算。
福利台账怎么分享,福利台账右上角分享按钮
如何生成社保台账,"按照如下顺序：
1.首先在【福利管理】-【福利设置】里，添加社保、公积金方案；
2.在【福利管理】-【员工福利档案】里面进行编辑员工的福利方案，缴纳基数与社保、公积金账号等信息。福利信息在员工花名册里面也可进行编辑。
3.在【福利管理】-【福利台账】点击新增台账添加人员后点击核算，核算成功点击存档，存档之后不可进行编辑。只有存档之后的福利台账才能在薪资核算时参与计算。"
社保公积金有补缴等调整的话应该在哪个项目进行调整,可在福利台账的社保、公积金个人调、公司调项目中输入或导入。 个人调填写后，合计会自动刷新，不用点重新核算  
社保公积金基数已经改为0重新核算了一下为什么社保 公基金还有数,员工档案的申报基数为0的话，会根据员工适用的社保方案里各险种的基数下限计算 
主账号可以建立多个分公司同一月份的台账吗,"不可以，目前一个账号一个月只能建立一个福利台账。
 福利台账里面，就增加不上这个人"
福利台账里面增加不上某个人,需要检查一下员工的社保开始缴纳月份是否在本次福利台账月份及之前。
公司模板下发时选择的允许修改和不允许修改主要是可以修改哪些内容,允许修改：员工通过模版复制创建的薪资方案中可以自行增加项目、修改公式、考勤计薪规则等。 不允许修改：员工通过模版复制创建的薪资方案中不可以自行增加项目、修改公式、考勤计薪规则等。
公司模板是按用户下发还是按角色下发,公司模板目前只能按角色下发的给子账号
薪资项设置时进位规则有哪几种与最多可以保留几位小数,进位规则有原始数据、四舍五入、向上舍入、向下舍入，最多可保留5位小数 。
添加一个自定义薪资项目哪些内容是必选必填的,名称，类型，进位规则 为必填项
员工自定义信息集里文本项与长文本项哪项可以在添加系统项目中选到,文本项可以在添加薪资项的时候应用到，长文本不能被引用。
添加薪资系统项目有哪三大类,目前添加系统项目三大类为薪资项目、员工基本信息、考勤信息 。
哪些类型的薪资项是可以设置为薪资档案可引用,"税前加项-工资 
税前加项-税前津补贴 
其他项-文本项"
为什么我的账号在薪资项目功能模块下没有“操作日志”按钮,子账号如果需要查看操作日志首先需要主账号授予权限“操作日志的权限”
强制使用是什么意思,强制引用的薪资项会出现在每一个薪资方案当中 。
怎么快速找到修改过系统名称的薪资项,"可以看一下薪资项前面是否有小红点，修改过系统薪资项的名称的薪资项前面会显示小红点 

我要将现有的多个薪资项目更新一下薪资档案可引用、有效、强制使用三项设置，怎么操作方便？
勾选需要修改的薪资项点击批量编辑即可"
导入的申报月份需要和薪资方案设置中的哪个日期对应,与薪资方案上的税期月份对应
小计是哪几项之和,累计子女教育+累计住房贷款利息+累计住房租金+累计赡养老人+累计继续教育+累计其他扣除+准予扣除的捐赠额
累计专项附加及其他扣除的导入数据来源是什么,来源是社保局的数据，每月导入时需要导入该年度的当前累计数据 ，导入时需要与当前核算方案的税期月份对应。
税延养老保险是什么,所谓税延型养老保险，是指投保人在税前列支保费，等到将来领取保险金时再缴纳个人所得税，这样可略微降低个人的税务负担，并鼓励个人参与商业保险、提高将来的养老质量。
企业年金和职业年金有什么区别,职业年金：是指公职人员基本养老保险之外的补充养老保险。 企业年金：是指企业及其职工在依法参加基本养老保险的基础上，自愿建立的补充养老保险制度。
累计专项附加及其他扣除有哪些具体的数据项,累计子女教育、累计继续教育、 累计住房贷款利息 、累计住房租金、 累计赡养老人 、企业(职业)年金 、商业健康保险、 税延养老保险、 其他、 累计其他扣除、 准予扣除的捐赠额
为什么新员工导入累计应纳税额提示非台账人员,因为新入职的员工是在系统上没有累计应纳税所得额的，建议可以在线下核算好员工薪资后，将线下核算的文件导入薪资方案中，导入后存档，这样系统从下个月开始就会抓取历史台账中的数据自动累计
累计应纳所得额中数据来源,"计应纳所得额中数据来源：下列是举例税期5月的累计应纳税所得额表数据生成来源
5月累计收入=累计应纳税所得额中4月累计收入+5月薪资台账中【当月应发月薪资合计】
5月累计社保个人合计=累计应纳税所得额中4月数据+5月薪资台账中【社保个人合计】
5月累计社保公积金合计=累计应纳税所得额中4月数据+5月薪资台账中【公积金个人合计】
5月历史累计减除费用=5月薪资台账中【当前累计减除费用】
5月累计月度薪金税=4月累计月度薪金税+5月薪资台账中【当月应扣月度薪金税】

同理，当薪资核算税期为5月，那累计数据就是取累计应纳税所得额表中税期为4月累计数据。
当前累计应发月薪资合计=累计应纳税所得额中4月累计收入+核算方案中当月应发月薪资合计
当前累计社保个人合计=累计应纳税所得额中4月累计社保个人合计+核算方案中社保个人合计
当前累计公积金个人合计=累计应纳税所得额中4月累计公积金个人合计+核算方案中公积金个人合计
当月月度薪金税=当前累计月薪金税-累计应纳税所得额中4月累计月度薪金税。"
累计应纳税所得额里的哪个字段是员工当月实应缴税的数据,累计应纳税所得额里 当月应扣月度薪金税
初始化个税扣缴义务人是什么意思,初始化个税扣缴义务人将在 3 次后消失，累计值按照个税扣缴义务人进行分别累计，为避免错误，请谨慎初始化，将按照花名册设定的个税扣缴义务人进行初始化，请确保已为所有员工设定好个税扣缴义务人。
取数这里有个钉钉取数请问这是指可以直接联动钉钉打卡的数据吗,使用钉钉对接的客户，在数据采集-考勤引用中就会有钉钉考勤取数，可直接取用钉钉上的考勤数据。
考勤引用点击后同步置灰,需要检查一下薪资方案中是否设置了关联考勤
为什么我导入考勤数据提示重复,如果其他HR已经导入过同样的月份同样的人员那您这里再导入也是会提示重复的 。
考勤引入的三种方式有什么区别,导入是需要从系统下载模板后填写数据导入，钉钉导入是可以直接导入钉钉导出的文件，取数是在系统里面直接取用考勤数据 。
导入了考勤数据为什么在薪资核算当中没有引用到,先看一下是否与薪资方案上引用的考勤月份一致，需要注意只有锁定状态的考勤数据才能被引用到 。
考勤数据导入后可以在薪资核算当中引用吗,可以，导入与在系统上取的考勤数据锁定后都是可以在薪资核算当中引用到的
考勤数据导入时出（缺）勤天数列是否可以填小数,不可以，出（缺）勤天数字段只能填写整数，病事假等字段可以填写具体的小时数。
考勤引用并且锁定了为什么核算还是提示员工没有考勤数据,"1、请检查下方案设置中是否设置了关联考勤
2、 确认下考勤锁定月份是否是方案中关联的对应月份。"
薪资项目设置的保留1位有效数字怎么核算保留了2位,请检查以下方案薪资规则设置中薪资项的小数位数设置或者公司模板检查下薪资规则设置中薪资项的小数位数设置：
薪资方案怎么删除薪资项,方案薪资规则设置中删除，强制项需要在薪资项目取消下强制，回到薪资设置才可删除
薪资所属月怎么调整,薪资核算界面调整
二次入职的员工减除费用怎么调整,如有需要可以在薪资档案中调整个税扣缴义务人生效日期，员工的减除费用是根据个税扣缴义务人生效日期自动计算的。
为什么员工的入离职调整计算不出来,要在数据采集导入考勤的，计算入离职调整，一定需要符合前提条件：1、在职计薪天数非0 2、在职计薪天数和月标准不能相等  
为什么存档9月的工资后直接开始核算11月的工资了, 因为这个薪资方案规则设置中，设置的薪资周期是下月1日至下月最后一天，所以薪资所属月是2022-10的工资，计算的是2022-11-01到2022-11-30的工资。  
如果在新建月度薪资台账时还没有先建好福利台账是否可以,"可以。但系统将无法自动将福利台账里的个人应扣发的社保、公积金等数据自动关联到薪资表里。
所以我们建议您：每月可以先建立福利台账，这样在核算薪资台账时，系统会自动将这一数据引入到薪资台账里进行核算。"
为什么我新建了薪资台账/福利台账以后发现员工数量不对,"主账号可能设置了子帐号，把另一部分员工核算薪资的数据权限赋予给了另外子帐号。
系统规定：子账号只能核算自己薪资数据权限范围内的人员。
子帐号核算完薪资以后，归档，则可提交至主帐号。主帐号可以合并成整体的月度薪资报表。"
为什么我不能编辑薪资方案里面的薪资项,不能编辑有两种情况，第一种是没有编辑权限，第二种该薪资方案使用的是不可修改的公司模板
为什么导入薪资台账数据不成功,"可能有如下原因：
1.导入的原始表，和系统模版不一致，因为有先后的运算关系，薪资报表和系统台账里的项目无论是内容、还是顺序都必须保持一致；
2.导入的原始表中的数据格式不对，比如说时间格式应该是文本格式：2015-07；
3.您的原始excel表中，有相关链接表得出的数据，必须去除链接。去除的办法是您需要复制下原始表中的数据（仅复制数据，不要复制格式），到一张新的表中即可."
薪资方案如何删除,需要先停用后删除 ，特别注意：删除方案后，该方案的历史台账将无法撤回。
历史台账撤回提示“该薪资账期日期不是最新一条不允许撤销之前月份的账期”是为什么,撤回历史台账需要注意必须先撤回月份最新的数据。
什么时候需要使用薪资核算-附加人员功能,"附加人员是变动前属于您核算权限范围内，变动后不在您核算权限范围内的人员，需要核算薪资的情况。
适用场景：1）本月需要核算前半段工资；
                 2）本月需要核算整月工资（但不支持调薪调整计算）。

如果需要使用是需要主账号在企业设置-角色管理里面开启"
薪资导入归档后还可以更改吗,需要撤回台账才能修改，修改后再重新存档  。
薪酬模块薪酬数据导入是怎么操作的 ,导入薪资数据首先需要创建薪资方案，如果所有的数据都直接导入线下的数据，您可以点击不核算直接导入 。
怎么能修改员工的薪资档案里的关联薪资方案,"在薪资-薪资核算，对应的方案，更多-规则设置，适用员工处。
不对的可以进入方案去掉。也可以在需要的方案中加入。"
薪资核算里的采集数据考勤取数的时候如何做到员工同步不用每次添加," 给员工关联好薪资方案，先确认好薪资方案的核算人员，然后再数据采集。
场景一：考勤引用的方案未开启核算那自动取方案中关联的员工。
场景二：考勤引用的方案已开启核算那会自动取薪资方案中正在参与核算员工的考勤数据。  "
某个员工怎么改成非正常呢需要离职申报,需要在薪资档案中添加一条离职记录再报送 ，可检查一下员工薪资档案是否存在已离职的个税扣缴义务人记录。
人员信息表中的人员状态正常与不正常是什么意思,"正常是(本期新增和连续报税人员),非正常是(本期减少报税人员)"
撤回8月台账8月工资单是不是也会被撤回,是的
在后台发送工资单以后发现有错如何处置,可以直接在工资单中对当月已发送工资单进行撤回。撤回以后，员工手机端就无法查看此条工资单。
为什么我在电脑端已经发送了工资单但员工手机上未收到,"1.若薪资台账中出现该员工的信息和花名册中信息不一致（身份证号、手机号、姓名），出于安全原因，该员工的薪资单将不会发放到员工手机端。
2.员工手机端是在HR发送工资单之后才关联公司的。"
薪资单只能在薪资台账归档以后才可以发放吗,是的。主要是为了保证数据的严肃性。
员工工资单为什么显示不全,工资单仅显示非空项目，若是在薪资台账中，某些工资项未填写数据（包括0），那么在工资单中此项也不显示。
如何发放薪资单到员工手机端,"薪资核算完成以后，核实无误进行存档。存档后生成薪资台账与工资单。在核算中系统是默认保存薪资的核算进度，当月的薪资存档后不可进行编辑。
系统只允许存档以后的薪资台账发放薪资单，在工资单中点击前往发放，发放后员工即可在手机APP上个人薪资中收到。
特殊情况下，HR可以通过撤回当月薪资台账，将存档后的薪资台账撤回，并重新核算。"
如何查看工资单,"1.员工登录自己的手机App端，在应用里面有一个【我的薪资】，点击【我的薪资】输入薪资查询密码后即可查看工资。
2.如果是第一次使用需要设置薪资查询密码"
如何在微信上查看工资单,工资单通过微信方式发送后，需要员工在微信上关注“i人事服务号”然后在这个服务号里面查看。
如何撤回工资单,工资单是根据薪资台账生成的，撤回对应的薪资台账就会自动撤回工资单 。
怎么分享工资单,在工资单结果中点击分享。
工资单字段能否自定义,系统默认的工资单字段不可进行修改。如需要添加自定义字段，需要先在薪资项目里面进行添加，然后再在新增方案设置里面进行添加该薪资项。
设置了工资单显示的项目为什么工资单列表里面的没有发生变化,设置工资单需要注意，新的设置不影响已经生成工资单的台账，只会影响设置工资单时候存档的台账 。
员工的工资条可以显示公司与部门这些信息吗,可以的，在工资单设置中添加需要显示的薪资项。
为什么调薪审批应用范围是所有人APP上还是看不到,"调薪审批需要新建审批，后引用调薪的套件
 调薪审批流程目前只针对了管理员和HR开放，且需要开启相应权限才能申请，员工端是看不到的。hr要发起是在薪资-薪资档案-调薪审批发起的"
薪资项目引用设置有什么用,快速配置员工薪资档案需要引用的薪资项，勾选上即可在员工薪资当中维护员工的薪资金额。
合计金额设置有什么作用,可以通过设置把员工薪资档案里面的各项薪资取和显示到员工薪资档案里面 。
残疾人免税设置如何使用,"1、设置好残疾人免税方案，选择第一种减免规则的情况下 
2、在员工薪资档案内给指定员工绑定好残疾人免税方案 
3、薪资表内搜索“税费合计”，把里面的“当月应扣月度薪金税”去除，再找到“当月应扣月度薪金"
右上角的设置有哪两项操作,残疾人免税规则，合计金额设置 。
未关联方案人员是什么意思如有未关联人员应该怎么操作,未关联方案人员是还没有关联薪资方案的员工，可点击按钮进行关联，也可以在薪资方案的规则设置-基本设置-选择人员位置进行关联 。
员工薪资档案导入类型有几种,导入员工薪资档案两种导入类型，分别是导入薪资项目与导入个税扣缴义务人 。
操作记录有哪两大类查询,目前可分薪资项目操作记录，个税扣缴义务人的操作记录 。
可以单独调薪吗,可以在员工薪资档案中走调薪流程。
为什么薪资档案里面个税扣缴人无法修改其他公司,修改的个税扣缴义务人生效日期存在已申报或者正在申报的信息，需要重新选择生效日期  
问下关联薪资方案里面的红色感叹号什么意思  ,"红色感叹号指的是方案被停用了，您可以点击感叹号查看提示  
 "
员工公司台账可以按季度查询吗, 可以，按月筛选即可 。
请问薪资报表-个税报表中的个税报表如何删除,薪资台账存档后，在个税报表-报表设置中设置之后生成的，不设置就不能生成，生成后如果台账撤回了也会一并删除，重新存档后又将再次生成  
如何生成网银报表/个税报表,网银报表和个税报表是在薪资台账生成并存档以后，会自动生成当月度的网银报表、个税报表。这两张表里的数据全部是从薪资台账中抓取过来的，HR将不能再修改。若有错误，HR只能在薪资台账里进行修改。
个税报表和网银报表里是何时生成的,个税报表和银行导盘都是从薪资台账中获得数据，因此，在薪资台账归档时，系统会自动生成当月的个税报表和银行导盘。
为什么我在花名册中有这个人但是排班管理就看不到,排班分组的员工只有相应的排班专员才能看到，如果员工不在所属的排班分组中，那么这个排班分组的排班专员也是看不到的，只有员工所在排班分组中的排班专员才能看到  
手机端划线排班灰色区域不能调整是怎么回事,需要切换下日期
历史排班是什么意思,在班次设置修改班次内容之后，选择更新时间，或者删除班次。排班管理排班左上角会有小点，代表历史班次（之前的班次）
员工的班次变了如何查找原因,可在排班管理查看操作日志
循环排班最长多少天,循环天数不能大于31天
设置了循环排班时遇到法定节假日会怎么排班,以循环排班方式排班
排班管理页面的“更新排班表”按钮提示“不能选择今天及之前的日期,此按钮设置就是不能选择今天及之前的日期。
系统团队考勤设置是在哪里,考勤-出勤记录-团队打卡记录页面右上角的团队设置按钮
钉钉考勤机打卡i人事无记录,钉钉打卡补偿，选择补偿时间段，同步一下打卡记录即可
企信（钉钉）打卡补偿是什么功能,一般是企业微信上有打卡记录，但是由于同步功能受影响，未自动同步到I人事系统中的打卡记录，就可以通过点“打卡补偿”再次同步过来 
打卡记录来源显示APP为什么无法删除,为保证数据准确性，管理员无法删除来源为APP的打卡记录
打卡记录有效性显示否是什么原因,"班次范围内多次打卡，多余的打卡记录；
未被班次设置的取卡范围取到"
打卡记录来源有哪几种,考勤机，正常，补卡，团队打卡，外勤打卡，HR操作，历史数据，加班
加班单为什么筛选日期是灰色的,一次性最多筛选6个月的数据，可分为多次筛选
加班申请提示不能超过多少时长,可在考勤设置-加班规则设置中设置限制
加班单怎么修改转薪资,加班单页面勾选加班单点击编辑，手动调整即可
加班单批量补偿的注意事项,"注意1：如果把选择的加班单的有效时长全部转为调休，那么已经转了薪资的但是还没有发放的部分也会转为调休。
注意2：如果把选择的加班单的有效时长全部转为薪资，那么已经转了调休的并且调休额度被使用了但是有充足的后续额度的，那么已经转了调休并且被使用的调休也会转为薪资。"
申请时长与有效时长和修正时长有什么区别,"申请时长：是员工加班单上申请时填写的时长
有效时长：是根据加班规则中，时长判定设置生成的有效的时长
修正时长：是HR手动修改的员工加班时长"
加班审批已经审批通过了为什么还是显示未生效,今天的要等到明天才会生效，今天之前的会及时生效；审批完成后，加班单结束时间+1天，更新有效状态
加班申请通过了 也有打卡记录 为什么有效时长为0,员工提交的加班单是8：00-16:00，比如加班规则中设置的加班取卡范围是1小时，打卡时间是6:59和18:24，打卡范围太短了，是取不到加班卡点的  
申请育儿假提示不在本周期,比方说该小孩是21年11月9号出生的，当前周期就是21年11月9-22年11月8号，现在申请的是22年11月9号，跨周期了，有两种解决方式；第一是在育儿假规则里面设置为不限使用周期；或者是明天申请下一个周期的  
跨天班次请假跨天导致缺卡,跨天班次，请假单位是上午、下午的，不需要按班次请假，直接请当天的上午、下午即可
可以直接删除来源OpenAPI的休假单吗,不可以删除
什么情况会被标记为代打卡,"比如A,B两个员工使用同一个手机打卡，那这两位员工打的卡都会被计入代打卡里面。"
员工的手机型号与异常设备名称是一样的 为什么会显示异常代打卡,因为设备ID是唯一的，应该用设备ID去查询是否有不同姓名的员工，而不是用姓名筛选查询
代打卡提醒中的设备ID和设备名称分别有什么用,"【设备名称】：安卓手机并不是取的“设备名称”，而是“型号” ，且不能通过修改安卓里面的设备名称与i人事的设备名称联动 ；苹果手机取的是“设备名称”，且可以根据修改“设备名称”与i人事的设备名称联动  
但是判断代打卡情况都是以【设备ID】为准"
为什么员工凌晨4.00打卡下班而系统上的下班卡点取的是中午11点的卡点呢,系统取的上下班卡点与设置的取卡范围有关，如果有多个卡点都在取卡范围内，那么上下班卡点就以打卡范围内最早和最晚的卡点作为上下班时间  
打卡了但是日报上显示缺卡,请检查员工的卡点，是否在打卡范围内（建议前后2天，打卡范围不设置重叠）
实际出勤小时数+休假为什么不等于应出勤小时数,应出勤小时数是来自排班小时之和 ， 而实际出勤小时数是通过统计每天“日报”的实际出勤统计的小时数来的，其中不排除有班次设置了迟到早退扣除的，且还有扣除出勤时段与请假时段的重叠时长
员工请假了为什么还是早退,"目前系统逻辑：员工在当天上班打卡后提交的休假单，日报不会重算，还是按弹性打卡时间算，从而会导致员工早退。（正处于待优化）
目前的解决方案：员工在上班打卡前一天后提交的休假单并完成审批归档生效，日报就会按照原来的时间计算考勤。"
小时工班次会统计实际出勤天数吗,不会
考勤日报中的异常处理怎么使用,先选择起止时间范围内的异常状态（如迟到、早退、缺卡、缺勤等），然后进行提醒、忽略异常或撤销忽略异常的操作。
员工上午已经请假了下午下班也打卡了为什么员工考勤记录还是显示签到遗漏,"如果员工早上请假，在下午上班时也需要打卡签到。
系统会将员工请假时间与员工实际的签到签退时间对比后判断当天出勤状态。"
为什么员工两次打卡显示无效还缺勤,请查看员工前一个班次的最晚打卡时间，是否把第二天班次的最早打卡时间覆盖了，导致其第二天签到时间算在了第一天签退时间内  
怎么让员工在手机上看月报确认时不显示应出勤天数,考勤设置-考勤显示字段设置中设置隐藏
怎么 重新发送一下月报确认,可以点击催办，或者 先点击HR确认-再点击HR撤销确认  （刷新月报数据）
我们月报的考勤周期不是每月1号到月末应该怎么设置呢,可以在考勤-考勤设置-考勤周期，点击创建，选择薪资考勤周期或者自定义考勤周期进行设置
我之前创建了一个考勤周期为上月13号到本月13号的但是我已经禁用了为什么月报还是这样显示,已创建的周期，需要等到下一个月才不会生成本周期数据
如何修改员工调休额度,加班报表-右侧操作按钮，可修改调休额度
加班报表里的修改调休额度有什么作用,"可以增加或者减少员工的调休额度，
需注意：为了保证所有数据的完整性，增加额度会同时生成相应的加班单，减少额度会同时生成相应的调休单"
如何查看剩余多少调休,加班报表查看字段“累计调休结余时长”
为什么员工加班的小时数是负数,"如果一个员工申请加班8小时，HR已经审批归档，那么员工就有8小时的加班时长可用于调休。当下次员工申请8小时调休，并且申请记录归档后，员工的加班累计就会为0（加班8小时被调休8小时抵扣）。
此时，如果员工把之前的加班申请撤销了，那么他的加班累计就是-8小时，就会产生负数了。"
离职员工的年假怎么出现负数,比如该员工之前发放的年假是20小时，所以他之前可以申请20小时年假，但因为年假规则中离职折算，系统重新折算为了18小时，已经休了20小时，折算后额度并不足20小时，所以目前显示年假额度为负数  
为什么我的假期报表里面比如年假报表和自定义报表的单位不一样,取决于考勤设置-休假规则里面不同假期设置的【请假单位】不一样
更新了年假规则如何一键更新所有的员工应休年假数据,更新了年假规则以后，可以在【考勤报表】-【假期报表】-【年假报表】里，点击左上角的【重算额度】按钮，即可实现员工的应休年假数据更新。  特别提醒：更新以后的数据将不可恢复，操作前请备份；
重算额度后年假清零了, 没有使用手动发放，关闭了额度，重算后清零  
考勤档案有什么作用,可以通过搜索员工姓名，快速查看对用适用的“考勤周期、排班分组、考勤日历、调休、事假、年假、丧假等假期、加班规则、工时制、补卡规则、工时规则”。
延时工时是怎么计算的呢,延时工时统计是在班次设置中开启，然后会根据规则统计到日月报中，延时工时=实际签退时间-应下班签退时间-班段外休息时间  
固定班次可弹性打卡开启后员工请假半天为什么有些员工仍然是缺卡,"请假如果没有包含完整的班段（上下班时间），请假半天有以下区别：
1.先请假，再上、下班打卡：此时若触发了可弹性打卡，上、下班打卡时间仍然按正常上、下班时间来；
2.先上、下班打卡，再请假：此时若触发了可弹性打卡，上、下班打卡时间按弹性设置后的时间来。"
”班次”和“班次V2”是什么意思,班次是当前最新班次，班次V2是历史班次 ，V2是历史版本号
修改一下班段内休息时间编辑不了怎么操作,班次一旦被排班使用后，将不能再修改“班段内休息时间”，所以需要重新创建班次  
为什么员工的划线班次打卡是缺卡,检查员工打卡是否在打卡范围内：
如何修改班次工作时间,如果这个班次被排班表使用后是不能修改工作时间，只能重新创建班次，将新创建的班次加入排班分组即可 
可以实现晚走晚到的功能吗,"1.晚走晚到，指当天晚于标准下班时间下班，第二天可以晚于标准上班时间上班，晚下班的时长、第二天允许晚上班的时长客户可自定义，但是自定义的值必须大于0分钟，第二天在允许迟到范围时间内上班不计算为迟到
2.晚走晚到仅使用固定班次
3.晚走晚走，适用当天晚走第二天正常上班的场景，不适用第二天请假、外出、出差的场景
4.第二天晚到若仍然迟到，迟到时长=打卡时间-标准上班时间+允许迟到时长
5.第二天若整天未打卡且没有请假、外出、出差单的情况下，那么计算为缺勤，缺勤时长=应出勤时长-允许迟到时长，其中若缺勤时长计算后结果为0那么第二天状态计算为正常同时实际出勤计算为应出勤时长
6.晚走晚到，如果第二天请假的情况：
 请下午半天是可以适用的；
 请上午半天不适用
7.设置晚走晚到后，允许最晚打卡时间不能为0或者与晚到时间冲突。"
是否设置上午下午时段是什么意思,"班次的上午、下午设置：
1）本设置仅适用于固定班次的单班段，设置后不需要更新排班表
2）勾选设置上午、下午时段后，字段项上午时段、下午时段可编辑，不勾选则不可编辑
3）设置了上午时段、下午时段后，如果请假的单位是天，最小请假单位是0.5时，采用此处的时段点判断出勤状态，而不使用系统之前的班次对折的时段判断出勤状态
4）若有请假、出差上午/下午的，那么请假/出差走的时候的打卡或来的时候的打卡处于休息时段，不计入考勤异常迟到早退或缺勤的判定；
  a）请假/出差一上午，那么下午上班点前有打卡记录不记为迟到，若下午上班点处于班次休息时间内，那么在休息时间结束之前有打卡记录也不计为迟到
  b）请假/出差一下午，那么上午下班后有打卡记录不记为早退，若上午的结束时间点处于班次休息时间内，那么在休息时间开始之后有打卡记录也不计为早退
c）建议上午设置为班次的休息时间前，下午设置为班次的休息时间后，如 班次为9:00-18:00，中午休息时间为12:00-13:00，那么建议上午设置为9:00-12:00，下午设置为13:00-18:00
5）调休假时，当请假单位设为“天”时，在移动端（ess、app、企业微信、钉钉）选择“上午”、“下午”时，只请上午的默认时长就为此处上午时段的时长，只请下午的默认时长为此处的时长，全天时则为全天的工作时长，打卡的迟到早退的判定用第4条的逻辑"
工作日历中的同步国家节假日安排是什么意思,遇法定节假日自动排休
如何提高考勤方案地点设置精度,"为了更进一步提高考勤定位的准确度，可按照如下顺序进行设置：

1.把手机的wifi打开并连接上。这一步不是必须的，但是打开wifi有助于提高定位精准度；

2.用管理员手机号作为员工的手机端账户，打开手机端【app】-【我】-【设置】-【考勤地点】，上面会显示定位的经纬度，记录下来；
（如果是非管理员或者子帐号管理员的手机端账户，是不显示考勤地点的，请了解。）

3.打开电脑端hr管理后台，在【时间管理】-【时间设置】-【打卡方式】，打开对应该地点的考勤方案，把手机端显示的地点的经纬度，填到该考勤方案的经纬度下，保存方案。

以上就完成了定位的精准度校验。推荐设置的范围在200米以上。"
考勤打卡位置的经纬度如何确定,"电脑端：可以在百度地图上定位查看，操作方法可参考下面网址:
(http://jingyan.baidu.com/article/fb48e8be0d56676e622e14bb.html)
手机端：管理员的手机号登录APP可以查看，在 我->设置 里面可以查看。"
我购买的是中控U160系列考勤机为什么不能和i人事关联配置,i人事系统需要使用带BS模块的非服服版考勤机，用户手册有详细的配置使用步骤说明，如果不明白考勤机的差异细节，建议购买前与考勤机厂商沟通。 如果已购买，可以与考勤机售后联系升级。
i人事现在兼容哪个型号的考勤机,i人事推荐使用带BS模块非服服版的中控U160和iface702作为对接i人事的考勤机；其他考勤机型号也可用通过数据导入的方式和系统联动
在APP上怎么能看到团队的排班记录,需要查看哪个排班分组里面的人员排班，就把他设置为这个排班分组的排班分组即可  
循环排班怎么设置,考勤设置-排班分组中设置
排班分组里的未分组是什么意思,"未分组：指的是未在任何排班分组中的员工。 
待定人员：指有员工调动部门或新员工入职到某个部门，该部门属于某一个（或另一个）排班分组中，则会在此处提醒。HR要关注一下是否该员工需要重新排班。 未分组人数≠待定人员未分组：需要给员工（或员工所在部门）在“排班分组”中设定所在分组待定人员：需要在“排班分组-待定人员”中确认员工所在分组 "
为什么我和张三同为排班专员我们看到的排班分组不一样,"是否为同一排班分组的排班专员；
数据权限范围是否一样；"
排班分组里的待定人员和排班管理里的未分组人员有什么区别,"待定人员：对于异动人员（入职、调部门），系统会自动建议分配到对应的排班分组，可以在排班分组列表页的待定人员中确认或调整对应的排班分组
未分组：未分组的人员就是没有在排班管理页面关联的人员"
排班管理表是何时生成的,"系统每天会自动生成当前日期之后60天的排班:

A. 已设置“循环排班”人员按照循环生成排班，到期后自动循环下去；

B. 未设置“循环排班”人员按照前30天常用班次进行排班：
30天是指：要排班的起始日期(不是今天)往前推30天；
常用班次说明：取30天内除了休班次以外最常用的班次；
     如果有多个最常用班次，取最近一个；
      如果一个都没有，则认为是新员工；
      常用班次需要和员工所在班组中的班次比对，如果不在里面，可能员工已更换班组，按新班组排班；

新员工：由于取不到30天的常用班次，则取所在班组中上班时间最早的班次；
新班组：取所在班组中上班时间最早的班次；"
排班怎么确认哪些人可以排班,正常是排班管理能看到，就能修改排班的。能否看到是取的数据权限和排班专员（职位）的交集    
为什么修改不了上个月的排班,在考勤设置-排班合规中查看是否设置了限制
员工之前没有设定豁免现在给他加入到豁免里面那之前的考勤能自动豁免吗,在本周期内的考勤会自动变为豁免，非本周期内的考勤不会自动豁免，可以由HR手动操作忽略异常
本月删除豁免但是之前的考勤依然显示正常,更新考勤豁免人员设置后，新豁免规则将从当前考勤月开始生效生成新数据，老数据无法重算。”10月操作考勤豁免设置，只会对10月及之后的数据有效，不会影响9月的考勤数据    
员工没打卡但是有实际出勤小时数是为什么,该员工属于考勤豁免人员，在考勤-考勤设置-考勤规则里面可设置豁免人员
排“休”时怎么实现统计实际出勤时长,考勤设置-考勤规则里面设置出勤时长计算规则
为什么我的员工的加班统计时长和员工申请的加班单时长差很多,取决于加班规则中时长判定设置里面的【时长判定方式】和【加班取卡范围】
员工可以先加班后面再补加班单吗,可以的，需要先在考勤设置-加班规则中勾选允许员工补请加班单
可以设置根据排班自动确定加班类型吗,选择排班日历：员工申请加班时不需要选择加班类型，由系统根据加班归属日在排班表上的日期类型确定加班类型
育儿假设置了为什么申请端不显示入口,"需要满足以下条件：
1.需有育儿假的额度，可以在：考勤-考勤报表-假期报表-假期余额表，确认是否有额度；
2.没有额度，需检查一下路径:
    a、花名册，详情页的家庭成员是否有维护
    b、育儿假的流程设置，是否有限制发起人员
以上确认都无问题，可以在考勤-考勤报表-假期报表-假期余额表，重算下额度看下"
调休余额的先后使用顺序是怎样的,可在调休规则中设置调休使用规则
已经转正的员工年假显示为0是什么原因呢,如果员工花名册中历史工龄是年假规则生效之后去花名册维护的，年假报表不会自动重算。在年假报表中筛选了这位员工点击重算额度即可  
为什么有年假额度但是申请端无法申请年假,查看年假规则是否设置了申请限制，例如：以下设置不享受年假
怎么设置给员工增加假期天数,考勤报表-假期余额表，右侧的操作按钮，可以调整额度  
员工需提休明年的年假请问怎么操作,系统是不支持提前超过30天给员工发放次年年假的，目前解决方案是可以直接手动在年假报表中修改员工今年可用的年假额度  
是否可以设置年假额度定期提醒,可设置对假期余额适用的提醒，特别是法定年假，可以让企业在员工的法定年假处理上更合规
我想员工申请休假如果遇到节假日也要扣减相应的额度应该怎么设置,考勤设置-休假规则-调休-请假时长计算
怎么限制员工补卡次数,考勤设置-补卡规则中设置
员工人脸信息怎么重新修改,建议在考勤-考勤设置-考勤机-考勤号码中找到该员工后清除人脸信息后重新录入  
上下班打卡提醒怎么开启/关闭,考勤设置-打卡提醒中设置
是否可以按部门制定绩效考核计划,可以。在考核计划-考核范围中选择部门即可。
考核计划如何进行延期,"延期
操作路径：考核计划-》延期；
若员工在评估周期内未提交考核指标、未提交评分表均可在此延期；
开启结果确认/申诉时，若有需要，可在此延长结果确认截止日期/申诉截止日期；"
子HR是A部门的绩效专员为什么看不到绩效计划,仅计划负责人及主账号可以查看计划的评分记录及报表成绩
开启结果确认后确认人看不到评分明细怎么样才能看到,考核计划中设置了查看明细，确认人就可以在确认结果的时候查看到评分明细  
实发绩效比例有什么用途吗,"实发绩效比例默认是100%。在考核计划中勾选了实发绩效比例，评估人在评估的时候可以进行修改，方便根据绩效为员工计算绩效薪资的。 
例如：绩效工资按照系数1是1000元，假如员工的绩效考核分数没有达到目标需要修改实发绩效比例，需要按照0.8系数计算绩效工资，可以设置实发绩效比例为80%，这样员工的绩效工资就会是1000*0.8=800元。主要就是用来计算员工绩效工资的，系统默认实发绩效比例是100%，如果需要修改比例，可以由评估人在评估分数时进行修改。"
设置考评人选择员工分组“分组内部分员工（随机）是如何理解的呢, 如果所选的员工分组有3人，这里选择随机后，从设置的员工分组成员中随机抽取一位来评分  
如果是组内随机1人评分后组内其他成员能看到评分情况吗,不可以， 如果这个评分没有流转到这个人手里是无法查看的。
考核计划没有撤回的按钮,所属阶段还是计划制定阶段的考核，没有开始不需要撤回，直接编辑或者删除即可。
已发布的考核计划里怎么删除考核范围中的某位员工,考核评估阶段没有办法删除考核人员，只能撤回计划，重新发布。或者在考核进度中终止该员工的考核。
考核计划负责人如何添加,只有被分配了绩效权限的子账号才能被添加进去，其他员工是无法添加的。
我们的系统能做360评估吗,可以根据指标设置多个流程
绩效在哪里催办,考核进度中勾选员工点击催办按钮
绩效考核的最终得分是自动生成的么,不论是HR发起还是员工自己发起的考核，都是可以自动计算出最终得分的。
HR如何修改绩效得分,HR在考核进度中可调整员工分数
绩效计划发起后考核进度中显示的上级不对,考核评估人在计划发起时就已经确定，后续的上级变更不会影响现有评估中的计划的评估人。
如何变更评估人,"操作路径：考核进度-》进度监控-》变更处理人
①仅变更多选处理人：选择记录后再点击「变更处理人」时，可选择该变更方式，使用场景：若某个被考核员工的考核进度因为当前评估人出差等原因迟迟无法推进，可将该评估人变更为其他可处理的员工。
②统一变更：需要输入原审核/评估人，现审核/评估人，使用场景：若张三作为销售部的部门负责人在考核过程中发生了离职，则需要将张三的所有待评估事项统一变更为其他可处理的员工"
对于离职或者不需要再考核的员工怎么终止绩效考核,操作路径：考核进度-》进度监控-》选择记录-》终止考核；
只有管理员可以查看评估进度吗,是的，另外如果在考核计划里开启了允许部门负责人查看，部门负责人可以在员工自助端-部门绩效考核里查看进度。
评估完成待归档的绩效一直不点归档不会有啥影响吧,没有影响，会一直存在的。
绩效评估阶段员工自评后修改了评分领导在哪查看操作记录,考核进度里若变更了当前处理人了的，可以点一下考核名称，然后进入变更记录看点击后面的查看可以查看详细内容 。
绩效评分后管理员后台手动调整分数员工会收到消息提醒吗 , 员工端是收不到调整提醒的  
已经评估结束怎么查看绩效评估里员工自评是什么时间段内评估的,在考核进度-点击数字进入查看，然后点击对应员工的姓名-查看评分明细，点击下一个可以找到员工自评
为什么考核进度直接到“考核待评估”这一步而不是先进行第一步“目标待设定”, 考核计划对应的模板设置“不允许员工新增指标”就没有目标待设定阶段。在对应模板中编辑员工操作权限，勾选“允许员工新增指标”或“允许员工修改下发的指标”。撤回这个考核计划，重新引用修改后的最新模板，就可以设置目标设定起止日期了 ，发布计划后会进入“目标待设定”阶段。
考核评估结果是否可以由管理员批量导入,不可以，只能按照考核进度在i人事走评估流程。
如果目标设定已经到下一级审批了只能由上级退回才能再修改目标是吗,员工提交目标后，下一级审批时也可以操作驳回，让员工重新填写  
绩效打分考评人打的9.5分绩效得分怎么直接成10分了,因为考核计划设置的进位规则的精确位数是0，所以9.5分四舍五入为10分，如果是设置的精确位数是0.1，则为9.5分  。
开启结果确认后在哪里可以看到哪些员工是确认过的呢,开启了结果确认，如果员工确认了就直接可以在“待归档”中查看到，没有确认的员工在“待确认”中查看。
待被考核人确认这个阶段员工可以直接申请申述嘛,如果只开启结果确认，员工只能确认绩效结果，是无法申诉的，需上级评价完成后在绩效-考核进度-待归档中点击开启结果确认后即可显示  员工才可以申诉 。 
员工在绩效结果确认环节对考核得分或评估内容有异议可以退回上一步由考评人重新评估吗,员工点击结果申诉是无法直接退回到上一步的，需要由申诉结果的审核人根据员工申诉情况来调整得分 。
绩效考核中有一位员工完成了评估另一位员工还在评估中该怎么归档,有部分员工的考核未完成时，无法归档。需要等这个考核计划中的两位员工的考评人都完成打分进入待归档状态后，才可以进行归档。
考核评估完成评他后是否可以撤回重新评估,如果绩效考核设置多个考评人。第二个考评人如果已经完成了评分，那么前一个考评人就无法撤回评分了。如果第二个考评人还没有评分，第一个考评人是可以撤回的。
待归档员工的绩效得分怎么与绩效实发比例一致,设置考核计划时如果有勾选“实发绩效比例”，评估人就可以填写实发绩效比例数据。绩效实发比例目前只能通过评估人手动输入，目前不支持设置规则根据绩效得分自动带出实发绩效比例，如果没有勾选，默认实发绩效比例为100%。
如果员工的评估流程有员工自评、上级和上上级完成，上上级是不是可以在一个页面里同时看到员工的自评和上级的评分,考核计划中上上级评估人中查看他人评价权限勾选“可见所有评价”就可以查看到  
为什么我的绩效考核上级评价完了但我的个人端“结果确认与申诉”里没有看到绩效表,上级评价完成后需要HR在绩效-考核进度-待归档中点击开启结果确认后在个人端“结果确认与申诉”中即可显示。  
为什么会出现完成值待录入,完成值待录入和使用的绩效模板有关，模板中的指标设置勾选了需要录入完成值就会有完成值录入这一评估阶段。
如果目标审核完成了还想要修改目标的话只能撤回考核计划,对于目标审核的计划支持发起绩效追踪，发起绩效追踪后，员工可以在自助端-绩效追踪里面重新填写目标。
设置了等级分布为什么在绩效档案里评定等级不显示出来,设置了等级分布，归档前需要在考核进度中点击强制分布，然后保存，归档后才会显示评定等级
为什么有的绩效考核数据在绩效档案中查看不到,考核进度中归档的数据才会生成绩效档案和绩效报表。
怎么查看其它人的评分,在评分明细中切换【上一个】或【下一个】进行查看。
绩效归档了还可以修改评分吗,已经归档的绩效是无法修改评分的。如果这些绩效考核数据会影响到核算工资，可以在员工-员工档案-绩效档案中编辑修改该绩效数据。修改后核算薪资会同步引用到（数据采集-业务数据汇总更新并锁定）
已经归档的绩效可以撤回吗,已经归档的绩效不可以撤回。
我是子账号为什么公司有的指标我没有查看到,指标库中，子帐号只能看到自己拥有数据权限的部门的指标。只要包含到权限就可以。
指标性质什么是定性和定量,"定量属性是指以数量形式存在着的属性，并因此可以对其进行测量。
定性是指通过非量化的手段来探究事物的本质"
需要员工新增指标怎么设置,绩效设置-模板库点击编辑创建好的模板，然后编辑指标，勾选允许员工新增指标
绩效附加减分分值是设正数还是负数,附加减分的分值是需要设置为负数，扣的是-10
在模板库选择“自建指标”是可以看到指标库里自己所在范围的指标,选择自建指标，是员工可以创建新的指标，选择引用指标，是可以选择指标库里自己可用范围的指标
量化单位是什么意思,量化单位的意思就相当于百分比，比如签单的单数是多少单，满意度是多少个，目标是多少个等 。
我的考核模板里绩效指标是可以删除的为什么页面上看不到删除的地方,模板库里 需要指标分类开启【允许员工删除下发的指标】后，需要依次开启各项指标删除按钮  
目标值与保底值更挑战值这些数据用不到可以删除吗,可以在对应的绩效考核模板中，在每项指标后点击编辑，取消勾选目标值，保底值，挑战值
待筛简历中的数据可以批量导入覆盖或者修改吗,无法进行导入修改或覆盖。会以新增的形式进行导入的。如果有数据需要修改，可以在页面中对应简历处点击编辑修改
招聘项目内填写的笔试题HR在哪里查看答题情况,您可以在待筛简历中，查看对应简历的笔试详细情况。
如果候选人在网站上面更新了简历系统接收到的简历会同步更新吗,"1.i人事默认每1小时接收一次简历，并且只支持如下招聘网站：58同城、智联招聘、51job、猎聘网、拉勾网、赶集网、中华英才网、应届生求职网。
2.简历接收到i人事系统后，若候选人在招聘网站上更新简历，i人事系统不会同步更新简历。"
候选人扫描招聘项目二维码后可以修改之前投递的简历吗,无法修改，再次扫码填写手机号后，会提示简历筛选中，无需重复提交。
最多可以安排多少轮面试,系统最大支持10次
求职者扫码填写的应聘表是否可以自定义,目前暂不支持自定义应聘表。新版招聘可以在招聘设置-投递模板中设置自定义模板
应聘者填写求职登记表时上传了身份证照片可以在哪里查看,求职者扫码填写信息时上传了身份证照片，简历中并没有显示。建议使用新版招聘
员工扫码填写招聘信息后，入职，离职，再想参与招聘时候无法正常使用,不可进行第二次招聘面试
QQ邮箱收到了boss的简历但i人事后台没有同步,"目前基础招聘是不支持接收 boss直聘的简历，如果需要在基础招聘简历库中查看boss直聘的简历，您可以在简历库中新增或者导入简历
连接招聘网端口后，可以在搜索简历吗？还是只能接收，收到的简历可以分部门进行查看吗？
系统里面是只能根据设置好接收的邮件，然后接收简历的，系统里面能搜索已经进来的信息。其他的没有"
为什么简历库中有的员工没有显示职位类别呢,在招聘过程模块-待筛简历中，如果直接选择“安排面试”，那么简历库中该员工就不会有职位类别，可以点击编辑按钮进行维护
简历库的候选人信息在打印时显示不完全,更多设置内有个缩放 自行调整比例即可
面试安排中“发送短信给面试人”中的短信可以自定义吗,目前不能自定义编辑，只支持在上方填空然后下方自动生成短信。
应聘人员材料填写完毕之后在哪里可以看到,候选人面试时，可以用微信扫描公司二维码（i人事系统中企业账户-企业信息下的公司二维码），进入求职登记页面。候选人在手机上填写个人求职登记表，提交后，该候选人的简历将自动进入到【招聘过程】的【面试安排】栏目下面，HR后续可以进行面试安排。
安排面试中是否可以给候选人发送邀请面试的短信,可以的，面试安排的时候勾选短信即可
应聘人收到面试安排后我如何知道他是否确认参加面试呢,应聘人收到信息后可以点击是否确认参加，可以在面试安排中查看面试状态。
驳回老版录用审批后让审批人手动提交下一环节审批人可以吗,不可以，审批人是您在发起录用审批的时候所有审批人按照顺序选好，不能由您发起录用审批的时候选择一位审批人，然后该审批人再选择第二位审批人 
录用审批如何查看流程进度,在【基础招聘-面试安排-录用审批】查看审批进度
基础招聘中点击发起录用审批提示“APP无此模块，不能发起录用审批”,账号-基础设置-申请待办设置中如果将手机代办设置中的招聘审批隐藏了，那么基础招聘中发起录用审批就会提示APP无此模块  
招聘模块里录用审批通过后进入花名册的员工 可以查看到他的原始简历信息吗,会同步员工上传的身份证照片，但是不会同步工作经历和学校信息。
面试通过的人员发送录用审批时可以上传多个附件吗,暂不支持上传多个附件，重复上传会覆盖。
录用员工中的进入花名册和进入待入职有什么区别,需要入职审批的员工可以进入待入职。
老版录用审批归档了会不会没有下一个审批环节了,是的，归档就表示审批流程完成了，归档生效后就到【录用员工】步骤了  
放入回收站的简历是否可以恢复,放入回收站的简历可以点击安排面试，简历将重新进入简历库中。
设置招聘影响测试并通过后发送面试通知提示邮箱未联通,发送的是企业账户里设置的邮箱。不是在招聘设置的邮箱
为什么子账号看不到别人创建共享的简历接收邮箱信息,判断是否为主账号，或所有部门数据权限的账号，若是，则查看所有；若不是，则只能看到自己的设置的邮箱
请问负责不同招聘业务的子HR账号可以在简历库中相互查看对方接收的简历吗,可以勾选是否共享，勾选后不同邮箱账号接收到的简历会同步共享显示。
请问招聘设置中的“是否共享”有什么用,当企业有多个负责招聘的HR账户时，可以勾选是否共享，当子账户设置好收取简历的邮箱后，系统可以展示共享账户抓取的简历信息。
笔试题目在哪里设置是否可上传,"1.HR可以在【招聘过程-招聘设置】当中新增笔试题目：
2.新增完成后，在新增招聘项目时即可选择创建好的笔试题目"
邮箱连接测试为何总是失败,"①首先请确保您的邮箱和密码是正确的；
 请注意应填写邮箱的全称，比如说：ihr360@163.com；而不能只写成：ihr360;

②该邮件地址的收件箱服务器（POP3/SMTP服务）是否开启；
 收件箱服务器一般在邮箱的设置页面可以找到。以QQ邮箱为例，其他的信箱，pop3服务器的设置流程类似。

打开QQ邮箱：页面左上角账户下方，设置--账户
下拉找到POP3/IMAP/SMTP/Exchange/CardDAV/CalDAV服务，第一项POP3/SMTP服务，如果显示为已关闭状态，请点击开启，按照提示操作打开该项服务。
在开启POP3/SMTP服务后，QQ邮箱会生成授权码（该授权码用于第三方设备登陆邮箱），将授权码填入i人事网站招聘设置--邮箱密码处即可。"
为何邮箱已经连接成功仍接收不到邮件,"1.请确认您在招聘网站中设置了简历的接收邮箱，且和i人事系统中配置的简历接收邮箱是同一个邮箱；

2.i人事系统设置每隔一个小时接收一次简历，不是立即接收到的，所以请等待；

3.如果设置了不在服务器上保留邮件副本（比如outlook等软件），仅接收到本地，也接收不到；

4.仅能收取收件箱中的邮件，如果设置了邮件规则转到其它文件夹，也接收不到。"
系统中邮箱的接收类型如何选,目前系统的接收邮箱类型有POP3和IMAP，当邮箱类型选择POP3时，收件箱服务器前缀为pop，如果是IMAP，那么前缀就是imap
收信箱，邮箱密码，收件箱服务器如何设置,"收信箱：即招聘网站上填写的收取简历邮箱
邮箱密码：即邮箱账号密码，注意：如果是QQ邮箱，邮箱密码是QQ邮箱的授权码而不是QQ邮箱密码
收件箱服务器：前缀为pop或者imap，如果邮箱类型是POP3。例如：收信箱是xx@ihr360.com，那么该收件箱服务器为pop.ih360.com"
关于勾选安全协议ssl后端口的变化,当勾选了安全协议ssl后，默认端口会由110变为995，如果默认端口改动过，就需和IT确认。
简历收信箱账号可以接受最佳东方招聘网吗,目前基础招聘模块中不支持添加最佳东方招聘网，系统中有对接的功能更全面的高级版招聘支持 
面试人员扫二维码就可以答题如何设置,首先在【招聘设置】中新增笔试题，然后在【招聘项目】中新建招聘项目，选择相应笔试题，就可以对应生成二维码，面试人员扫码即可答题。
招聘项目的二维码是否有有效期呢,新增招聘项目后生成的二维码，一直都可以扫描。
基础招聘的应聘登记字段如何设置,基础版招聘的求职登记表表字段是不支持自行设置与调整的，都是系统默认的字段 
招聘申请审批当审批人在APP驳回后招聘申请状态是什么,待归档状态，需要hr进行归档生效之后才可看到招聘结果
招聘统计-发起招聘中申请部门为什么只能选择两个部门,后台管理员子账号需要确定主账号给予的管理授权范围权限
负责招聘的人事怎么知道有这个招聘需求的,目前设置招聘执行人，其暂时不会收到招聘需求的通知。
发起招聘审批后为什么在钉钉和企业微信中审批人不能收到该审批,目前钉钉和企业微信中的i人事应用，尚未关联老版招聘模块，建议使用新版招聘的审批流程即可。
主账号统计不到招聘数据,"招聘统计的面试只会统计一轮面试
每个账号的统计报表都是独立的"
各账户可查看的在招职位的权限范围是怎样的,"主账号可查看到所有的在招职位
子账号可查看到自己作为负责人或协同人的职位"
如何快速批量变更招聘负责人,进入“招聘/职位管理/在招职位”页面，选中需要变更的职位，点击【变更负责人】按钮
职位管理中的职位不能进行暂停或者关闭怎么处理呢,"职位管理中的职位仅支持招聘负责人操作暂停或关闭
如果招聘负责人离职的情况，可以联系超级管理员操作暂停或关闭"
如何设置职位的协同人,在【招聘-职位管理-在招职位】中点击创建，创建后即可设置协同人
创建在招职位是不是需要领导才可以创建,没有创建的按钮就没有权限创建，需要有权限的账号来创建职位 
如果之前我们负责招聘人员离职 我们需要再添加一个负责招聘的人员 怎么才能添加上,主管理员在在招职位，对应职位进入，看一下负责人，设置上这个新人就可以看到。 
已关闭的职位再次发起 怎么操作,在【职位管理-在招职位】重新创建即可
发起录用审批怎么没有部门和职位,需要关联下组织职位  
D发布中的【我所创建的】和 【我可见得】只能操作我创建的发布到外网吗,只有创建JD的创建者才可以编辑发布到外网上，其他管理员创建的JD会显示在“我可见的”中查看，只有查看权限，没有编辑权限
怎么让主账号删除之前同事建的JD,让主账号在我可见的中点击JD，在右上角删除就可以了  
招聘需求-单个/批量的审批跟hr招聘模块有关联吗,跟智慧招聘的职位相关联，系统自带的招聘需求申请通过后会在招聘-职位管理-招聘任务中显示
在招职位中已经删除了职位招聘不能重新加入招聘周期怎么处理,因为之前该招聘任务已经加入过招聘周期，就不能再次加入，需要重新发起这个职位的招聘需求后再加入即可。
招聘模块我发布岗位后需求数后还是显示0,需要关联招聘需求，才会显示需求人数  
招聘需求描述字数太多看不全怎么办,无法点击进入查看，可以将光标放在需求描述这里，会显示悬浮的窗口，或者点击关联职位，然后导出查看
已入职怎么重新发offer,已入职的无法重新发送Offer，建议可以复制线上模板，线下发送下，此问题已有需求，后续会优化。
发offer时提示收件箱配置错误offer发送失败,检查发件邮箱设置是否正确
怎么设置群面,同时勾选两位及以上候选人，再点击【安排面试】，可以选择面试类型【群面】
添加候选人时导入简历和导入Excel有什么区别,"导入简历：适用于线下简历附件导入
导入Excel：适用于用Excel收集的候选人清单导入，需要先下载系统标准模板，再将候选人信息维护到导入模板中上传。"
offer阶段没有发送offer按钮,"【招聘设置】——【offer设置】中是否进行限制。
主管理检查给予的角色权限（【账号】-【权限管理】-【角色管理】），是否勾选“发送offer”功能权限。"
测评指的是什么,测评可以帮助企业更加精准用人，降低用人风险。比如进行性格测评、管理岗的测评、社招校招岗位的测评等等，通过测评结果可判断是否需要进一步流转该候选人。
已入职的候选人离职后怎么从候选人-已入职列表删除,招聘里的已入职 是指招聘结束的一个状态，不会再跟组织人事里面人员状态的变化而变化，不支持删除。
让候选人重新添加信息采集表是在原来的基础上填写还是全部重新填写呢,全部重新填写，重新提交的内容会覆盖之前提交的内容
候选人简历上的所有者指的是什么呢,招聘职位的招聘负责人或协同人
安排了面试在面试-待面试中没有查看到候选人信息,候选人的面试时间已经到了，所以没有在待面试中显示 ，可以查看面试-待反馈内容。
提示“您还未开启任何录用审批流程“请先启用” 这个是开哪个权限,需要在审批-流程设置里启用或创建录用审批流程 。
候选人点了安排面试后不小心点了下一阶段还能返回么,可以的，在候选人中勾选需要返回上一阶段的候选人，点击更多-转阶段，选择到上一阶段
在候选人中点击转职位选不到职位,无法选择该职位是因为您不是这个职位的招聘负责人或者协同人，所以您的在招职位中查看不到这些职位的数据，并且候选人转职位这里也无法选择到该职位 
用系统发送offer选择的是24日但是发现发出去后是23日,如果在发送offer时，修改了预计入职日期，那么就会按照修改的时间显示，可以再重新点击发offer看下时间是否正确  
为什么外网投递的简历没有同步到i人事,"排查步骤一：检查收件箱的邮箱是否与外网设置的邮箱一致
排查步骤二：收件规则中的投递职位归属是否与简历投递职位一致
排查步骤三：邮箱中是否有接收到简历，如果没有，请和IT确认一下邮箱收件是否有被拦截
抓取逻辑：系统只会抓取邮件中收件箱的数据，自定义文件夹的数据是无法抓取的"
offer模板在哪里设置呢,在给候选人发送offer时即可选择设置模板 
请问系统目前能否设置过滤规则,暂时不支持设置过滤规则
已入职的员工有发放过offer并正常入职了为什么在候选人-已入职列表中查看不到该员工呢,如果该职位已暂停，需切换到已暂停职位才会显示
为什么给员工发送offer后员工的offer里没有薪资信息,建议发offer时确认是否有填写薪资
为什么我QQ邮箱收到了boss的简历但i人事后台没有同步,"1.请确认在BOSS网站上设置的简历接收邮箱和系统设置的邮箱是否是同一个邮箱   
2. 我们系统设置的每隔一个小时接收一次简历，不是立即接收到的"
员工接收到OFFER可自动转入到待入职区域吗,不会，需要在候选人-发offer页面手动操作
离职员工再次入职我们不用审批如何操作,录用审批是在候选人offer阶段才能发送，需要在招聘模块-添加候选人-重新走offer阶段，发起录用审批
为什么录用审批没有职位,如果没有设置关联组织职位发起录用审批职位是空的，并且无法选择； 需要选择的话，得流程设置重新拉取下套件。  
是否可以直接导入候选人简历,"可以，在人才库-添加候选人选择导入。
依据线下简历情况选择对应的导入方式。"
客户邮箱中简历未收取到系统中,"1. 如果设置了不在服务器上保留邮件副本（比如outlook等软件），仅接收到本地，也接收不到；
2. 仅能收取收件箱中的邮件，如果设置了邮件规则转到其它文件夹，也接收不到。"
人才库中的候选人如何进入面试流程,可转职位进入对应的环节中。
可否定义哪些字段在人才库直接显示出来便于查看,可以，点击齿轮可设置显示列，隐藏列，并可以调整显示顺序。
淘汰后的候选人会保留哪些内容,"之前招聘面试过程中的所有信息都会保留，可在人才库-淘汰库中点击指定员工姓名查询
注意事项：
如果将淘汰库中的人员转职位转到其他职位中的初筛阶段时，只能看到原始简历和标准简历内容
如果将淘汰库中的人员转职位转回到之前的在招职位的初筛阶段时，可以看到之前所有的内容"
淘汰库里的人员信息系统会隔多少天请理掉,系统不会自动清理淘汰库的数据，如果不需要的话，您可以自行删除淘汰库里的数据到回收站， 删除的候选人信息会在回收站保留30天，如果30天内没有操作恢复，就会自动清除。 
回收站里的简历需要手动删除吗,删除的简历信息会在回收站保留30天，30天内未操作恢复系统会自动清除，也可以由HR自行在回收站里操作删除
如果候选人被淘汰的话在哪里找,有的，在【招聘-人才库-系统人才库-淘汰库】中查询
淘汰库里包含所有的职位怎么按职位查找呢,点击查询旁边的筛选按钮，勾选投递职位，然后就可以按照职位搜索筛选了 
企业人才库 是怎么使用,"第一步：在人才库中点击创建人才库，设置好名称后将该名称分类至企业人才库中（如果企业人才库下没有任何人才库，是无法使用并将简历放入其中的）
第二步：有3种操作方法都可以将其放入企业人才库
1.在候选人-添加候选人时点击放入人才库（导入简历/Excel、录入候选人这3种方式都可以直接操作放入企业人才库） 
2.在候选人各个阶段选择放人才库
3.在系统人才库中操作移动，也可以移动至人才库"
如果觉得这个候选人不错 但已经关闭此职位了 怎么把这个候选人简历存储到此人才库,已经关闭的职位，不能再把此候选人存档到对应职位下的人才库里了
进入待入职的候选人需要重新发offer 该如何操作, 在人才库-候选人库找到该候选人操作转职位，点击进入offer节点后，录用审批也需要重新发起  
候选人不小心点到淘汰怎么恢复, 建议在【人才库】-【候选人库】操作转职位到原来的岗位
没有维护渠道账号只是维护了收件箱可以自动接收邮箱的简历吗,可以
如何发布到外部网站,"一、请用户先在渠道管理-外部网站维护好账号、密码
1.在渠道管理中，添加账号

2.输入招聘网站的账号密码，勾选同意《账号托管协议》，点击确定

二、发布职位
1.以猎聘网举例，发布职位：客服总监。在职位管理-JD发布中，创建JD并保存。

2.安装并登录i快招插件（在招聘设置中下载）

3.在JD发布-详情页，点击已经关联好的外部招聘渠道进行职位发布。如果同一网站渠道存在多个账号，请选择需要发布职位的对应账号进行职位发布。

4.如果外部网站没有登录，请先登录外网账号。登录成功后，i快招插件自动将职位信息同步到外部招聘渠道的""职位发布""页面。


5.完善网站上的职位信息，即可将系统中的职位成功发布到外部招聘网站

6.职位发布成功后，发布状态会同步在JD发布-已发布渠道中"
请问导入建立的渠道可以自定义添加吗,招聘-渠道管理-自定义渠道中可添加。
设置自定义渠道的话只能显示邮箱中的简历吗,只读取邮箱中的简历
i人事APP上有招聘报表功能吗,APP上暂时没有默认的招聘报表功能，如有需要请在电脑端使用。另外可以使用电脑端的智数功能，新建自定义报表推送至手机端的消息提示。
怎么去修改添加应聘者在扫码的那张求职申请表,在招聘设置-投递模板管理中可添加修改字段
投递模板管理中的模块字段可以把文本修改成选项吗,可在投递模块管理-字段管理页面创建选项字段。
标准简历中的字段是否必填在哪里设置,招聘设置-投递模板管理-模板管理
信息采集设置中的字段不能设置吗,如果是系统自带的模板，里面的字段名称是不可以设置的
如何修改offer模板,可在招聘设置-通知模板修改
为什么培训的组织架构无法全部同步,主要有两方面原因：一是部门如果处于停用状态，在同步时不能勾选；二是不在账号管理范围内的部门和人员不能勾选同步
培训活动没有及时签到可以补签到吗,针对未及时进行签到签退的员工，暂时还不能进行单独标记。后续会考虑增加上补签功能来满足这个场景。
请问培训模块里能发新闻通知吗,可以在系统设置-消息咨询里添加咨询内容进行发布
因为使用用其他系统培训或线下培训需要将历史的培训记录导入魔学院可以吗,持部分导入（如积分、学分等），可以点击通讯录，进行导入操作。
如何调整课件默认学时,管理端-课程中心，编辑课程，找到对应课件，点击“设置学时”
考试已发布发现有个试题出错了怎么办,"考试已发布，发现一些试题有错字，可在对应的题库里修改；若答案错了，则可通过变通方式调整。
注意：随机的已考人员不会更新为最新的修改。
具体如下
1、路径：题库中心，在题库列表中，点对应题库最右的“…”，点击“管理试题”

2、找到相应的题目，点击编辑

3、在编辑题目页面，可对题目名称及题目选项进行文字上的修改。

4、不支持对题目答案的修改。
原因：比如一部分人已经完成了考试，那么答案变了，会影响到相关统计数据。
变通1：如多选题，答案应是ABCD，但是出题时出成了ABC，那可以把D项内容改成是错误选项，做个简单变通。
变通2：对无法更改的，告知学员该题有错，不计入成绩。"
培训申请勾选框时为什么有的无法选择,只有特定的状态可以勾选：待归档和审批中
为什么员工在发起"培训申请"时没有他想选的审批人,"在发起“培训申请”时需要员工自己选择审批人，员工只能查看并选择他有“通讯录查看权限”的人员
可以在如下图处进行设置"
培训已经发起了我勾选了全公司但有1个部门员工未被勾选进去,在发起培训后，勾选的部门下再新增一个子部门，子部门不会被默认勾选。
发起培训之后可以查到哪些培训是“面向新员工”的吗，是否可以修改不面向新员工呢,系统暂时不会显示员工为发起培训后新入职员工，所以在培训课程里无法查看到哪些是新员工，已经发起了培训的课程不可以重新修改不面向新员工，但是可以删除重新发起，或者直接重新发起。
已经通过的人员还可以在系统里发起补考吗,"已通过的人员不可以再为其发起补考；
只能为已经用完了所有可以考试的次数，并且还没有通过的员工发起补考"
为什么在培训安排-培训课程里有的课程我无法删除,子账号只能删除自己发起培训的课程，主账号可以删除所有账户发起的课程，如下图在此子账号里他无法删除不是他自己发起培训的课程。
如何为员工发起补考,"1.进入【培训安排】-【培训课程】点击“查看”

2.点击“发起补考”操作，员工在手机端就可以重新考试，发起补考只对单个人发起，不会增加课程的最大考试次数"
基础培训中培训课程的考试得分详情在哪里查看, 在基础培训-培训安排-培训课程中找到相应的课程查看得分即可，归档后可以在【培训安排-培训记录】或者【员工-员工档案-培训记录】查看，员工也会收到相应的培训是否通过的通知  
培训课程答完题后一定要归档员工页面才会显示结果对吗,是的，需要在培训课程中点击查看-然后点击查看考试情况，点击归档生效
在培训记录里有记录我无法导出和查看,如果该培训记录来自于培训通知里归档或者直接新增和导入的，所以没有办法导出和查看
修改花名册的数据培训记录会改变吗,修改花名册里员工的信息，培训记录里员工信息会同步改变
培训记录的数据从哪里来,系统目前培训记录的数据来源：（1）来自归档的培训课程；（2）来自归档的培训通知；（3）来自新增和导入
培训记录可以保存几年,只要没有删除，培训记录会一直保留的  
在哪设置签到二维码,在培训安排-培训通知，点击发起通知后，可以点击通知后面的【查看】，可以看到签到二维码
发起培训通知后添加部门那新部门中的人员可以收到消息吗,员工之前不在发起通知时所选择的部门，发起通知后修改员工部门为所选部门，员工可以在手机端收到通知
为什么系统里有些课件我无法删除,每个账号都只能删除自己上传的课件
收了费的课件我删除了重新上传还会收费吗,之前上传的时候收费了的课件，删除之后再上传需要重新收费
可以限制课件不允许员工在APP里下载吗,目前是无法限制员工课件的下载权限的，员工点开课件后，点击右上角的分享图标，会在员工手机的其他应用打开。
上传了的课件是创建课程时都可以共享使用吗,只要是在系统里的课件，其他账户在创建课程时都可以使用该课件
删除了培训资源里课程后原来的培训记录也会同时被删除吗,培训记录和培训安排里的培训课程都不会随着删除培训资源消失
培训考试不通过能不能不限制补考时间,不能，补考时间限制和培训资源-新建课程时设置的“考试间隔时间”有关， 修改课程内容后需要重新发起培训才可以按照新的设置生效，已经发起的培训不受影响。
为什么在培训资源-课程里有的课程我无法编辑、删除、发起培训,目前在【培训资源】-【课程】里，所有账户都只能对自己新增的课程编辑、发起培训、删除。
能设置不需要考试的课程吗,目前系统不支持设置不需要考试的课程
什么时候会进行课程设置的后续课程,在课程归档完成后，会自动进行后续课程，员工就可以在手机端查看到后续课程开始学习
有的课程需要发起，新员工才能看到，有的课程不用发起，新入职的员工直接就能看到这是为什么呢,在发起培训时选择是否包含入职之后的员工，如果选择不用重新发起新入职员工也可以在APP端查看到培训通知
已经选择部门发起了课程，修改员工部门后，员工还可以参加培训吗,修改员工部门后，员工仍然可以参加本次发起培训的课程。
在课程里“发起培训”后去哪里查看课程记录,在【课程】里“发起培训”后，可以在【培训安排】-【培训课程】里查看课程，点击“查看”查看参加培训人员的培训状态、分数等，管理员可以发起补考；点击“课程详情”查看课程的详细信息。
为什么在课程里“发起培训”时有些部门或人员我无法选择,有培训模块权限的子账号在【培训资源】-【课程】里“发起培训”，选择“适用部门或员工”时只能选择有数据权限的部门或员工，如需修改数据权限可以告知主账号进行数据权限的修改。
可以设置仅对新入职员工发起的培训吗,暂时不支持
删除了培训资源里的课程后已经发起的培训课程也会同时被删除吗,已经发起的课程不会自动被删除
为什么删除课程时提示课程被引用无法删除,"如果该课程是其他课程的后续课程，那么在删除时会提示此课程已经被引用，无法被删除。
如想删除可以编辑引用该课程的课程，将被引用的课程从后续课程中移除。"
培训课程答完题提示答案不能为空,填空题有几个空格就需要提交几个答案，否则会认为未填写完整
为什么引用考勤月报数据周期排序是乱的,"排序是根据本表设置的排序规则来的,  不是按照取数的数据周期。"
智搭云的流程审批意见字数限制,现阶段（2022年末）智搭云的流程审批意见仅限200字，如有超出200字的情况，请向售后支持人员反馈，以便及时对产品优化迭代提供场景支撑，谢谢。
怎么更改流程表单中的审批人,暂时仅支持当前审批人进行【转交】操作，主账号暂时无法操作干预变更。
怎么给HR子账号开通智搭云功能,由主HR账号在账号/权限管理/角色管理中，对需要使用智搭云功能的子账号进行关联。
为什么我的应用里没有计件工资日结的表单,创建系统内置的计件工资日结应用，系统将会自动生成默认的表单。
为什么有的表单设置没有【跨表数据读取】按钮,基准表不支持跨表数据读取，只有采集表和月核算表在设置页面右上角有【跨表数据读取】按钮。
数据中心的自定义薪资查询表和薪资台账的数据不一致,"1. 请确认报表搜索器条件设置是否与薪资台账一致

2. 如果原台账有撤回重算，请重新存档后且保持报表为实时存档模式，再次查看。"
可以把整个公司的绩效结果整合在一个报表里吗,可以。新建查询表，将【绩效档案表】中的字段添加到查询项目，如果需要在查询中再按【所属计划】或【部门】等筛选，可以点击【筛选条件】按钮，将所需要条件拖拽至条件列表，然后保存。
平均工资Top10报表介绍,"报表数据的统计范围
● 在薪资归档后，Top10报表会根据用户的数据权限按照部门、职位、职级三个维度分别统计基本工资和加班工资排名前十的数据。如遇部门/职位/职级当月基本工资或加班工资为0时，报表将自动隐藏该数据。
● 统计数据的显示以薪资存档时的数据为准，存档后员工的部门、职位、职级等变更不会影响报表的数据归集显示。如遇部门、职位、职级本身的更名，报表中会按照最新的名称展示。
● 举例说明1：员工在A部门-》进行薪资核算并存档-》存档后更新员工的部门数据为B部门
报表中部门及部门搜索会展示在A部门，员工的薪资数据也统计在A部门中
● 举例说明2：员工在A部门-》进行薪资核算并存档-》存档后A部门更名为A1部门
报表中部门及部门搜索部门名称显示为A1，员工的薪资数据统计在A部门中
注意事项
1. 薪资存档后如遇部门、职位、职级数据删除，报表会按照存档时对应名称进行展示
2. 同一员工在同月多次进行薪资存档，报表会按照该员工最后一次存档时的数据进行统计
3. 在职级体系中，若职级S1的适用序列为A和B，那么报表中S1职级下的薪资数据会统计A序列下S1职级的员工和B序列下S1职级的员工的薪资数据。
4. 在职级体系中，若C和D两个序列下分别有职级S1，那么报表中C序列下S1职级的员工薪资数据和D序列下职级S1的数据会分别进行统计。"
我可以将指定的某些报表推送给某个员工吗,"可以的。可以在数据中心-图表的右上角进行【推送设置】
1. 选择推送的报表
2. 选择接收人：部分负责人，指定员工（接收人请在员工自助PC端查看报表。）
3. 选择数据范围：指定部门或全公司
4. 设置推送频率：按天，按周，按月，或单次不重复
5. 设置推送渠道：站内信，邮件，短信，钉钉，企业微信（如果未对接钉钉或企业微信，将不可勾选）"
年龄分析表的【年龄占比】和【性别年龄占比】的统计区间是否可以自定义,系统暂不支持年龄区间自定义，可以将花名册年龄数据先行导出进行分析。
看板中的离职分析表是否可以按时间筛选数据,"离职分析报表是实时更新的，不能筛选时间，页面右上角为当前数据生成时间；
如果要看查看某个时间段的离职率，可以在员工-员工报表中查看【人员流动分析表】，此表可按月度|季度|年度|自定义进行筛选。"
仪表盘可以切换多种图标样式,仪表盘可以切换多种图标样式，并且将光标悬停在图标中时，会有浮动明细数据显示。
仪表盘怎么出数据,点击新增可以选择到【统计报表】中已创建的报表。
我想看下某个员工2022年的全年加班情况怎么导出报表,可设置自定义报表查看
请问智数模块里的员工离职率之类的数据能不能以表格形式导出,当前数据中心是不支持导出的，后续会更新上线此功能（导出Excel）
为什么报表中的离职人数和花名册导出的离职人数不一致,请确认是否开启了周期取数，如果开启，将按照所选时间定时存储报表快照，而非实时数据。
怎么查询某位员工全年的单位承担保险总数,在启用了社保模块，且每月生成准确的社保台账数据。可以使用分析表，
什么是行维度列维度,"1. 列维度、行维度不是具体的指标，而将指标按不同的维度划分一下。
2. 比如按性别维度（男、女）来划分，按员工类型（合同、劳务）来划分。
3. 而这些维度放在列就是列维度，放在行就行维度。"
怎么报表推送给指定人员查看,"一、 周期性的报表推送请使用【推送】功能
二、 临时性的报表分享，可以使用【分享】功能"
系统内置看板有哪些,"在下列已内置的看板基础上，系统持续更新中：
【人力分析】
员工结构分析：针对员工的在职人数、年龄、司龄、工龄、员工类型、学历、性别等基础信息进行分析
年龄分析：针对员工平均年龄、年龄占比、年龄排名等年龄指标进行分析，全面了解公司年龄结构
司龄分析：针对员工平均司龄、司龄占比、司龄排名等司龄指标进行分析，全面了解公司司龄结构
学历分析：针对员工学历占比等学历指标进行分析，全面了解公司学历结构

【运营分析】
异动分析：针对公司入职、转正、调动、离职等异动指标进行分析，全面了解公司人员流动情况
离职分析：针对部门离职排名等离职指标进行分析，全面了解公司离职情况
部门离职分析：针对部门离职率等离职指标进行分析，全面了解公司各部门离职情况
部门离职率：针对公司离职情况进行首年离职，首月离职，首周离职等不同维度分析，全面了解公司人员离职情况
综合出勤分析
出勤异常分析
人均出勤工时与加班工时
休假分析
招聘漏斗分析：招聘职位的漏斗、趋势、完成情况分析

【效能分析】
招聘专员分析：招聘专员的招聘进展分析
面试官效能质量分析：面试官在招聘环节的效能和质量分析
公司绩效分析：显示绩效计划中公司的绩效结果占比
部门绩效分析：显示绩效计划中各个部门绩效结果占比
月平均工资Top10：针对所属月的部门，职位，职级的平均工资top10进行分析

【决策分析】
招聘渠道分析：招聘渠道的贡献度分析"
系统默认的年龄分析区间不符合我们的要求,可以自定义分析表，创建个性化的年龄区间分析报表。
存档模式为什么不能按周取数,"1. 相较于实时报表，开启周期报表后，将按照所选时间定时存储报表快照；将无法修改表格字段和内置条件、搜索项。
2. 暂时不能直接设置为按日、按周创建取数，如果需要请联系售后服务支持人员或贵司专属客户成功经理。"
自定义报表添加不了教育经历里的专业信息,现阶段，自定义添加花名册信息时，仅支持添加基础信息分组的字段。
自定义薪资报表出现重复数据,"请检查一下内置条件是否只设置了【月】，而未设置【年】。
比如员工张三分别在2020、2021、2022年的9月都有数据，如果只设置了【月】，则可能会出现3条数据。"
前同事做的自定义报表我找不到是从哪里取的值,可以查看一下引用了数据的源表，会反色显示
自定义报表怎么查询自定义的薪资项,"报表可以从薪资台账或员工薪资档案中选择。
因为系统暂不支持跨源表选择字段，所以请确保需要选择的自定义薪资项与其它数据在同一个数据源。
1. 从薪资台账抓取，就需要核算存档时此字段存在。
2. 从薪资档案抓取，就需要设置为薪资档案可引用。


【方案】如果要在自定义报表中增加“试用期薪资”和“转正薪资”两个字段，那么就需要在薪资-薪资项目中添加这两个自定义薪资项，以报表中的薪资台账为例，如果要将这个字段加入薪资台账指标中，那么在添加好该两项薪资项后需加入方案核算存档，这样就可以在自定义报表中添加，如果是固定的薪资，可以将其加入薪资档案中，这样在薪资档案模块也能查询并添加进去"
报表可以设置分享吗,创建的报表允许分享给别人，点击共享范围，展示其他账号，可以设置仅可查看或可查看也可编辑。
同一张报表推送了两条钉钉提醒,如果钉钉自建用户在推送渠道同时设置了两个渠道，就会收到两条提醒。
自定义分析表的行和列可以增加上限吗,"现在系统仅对行维度和列维度有限制，分别10和2。对取值列字段上限是80个。
所以如果确实对行-列维度上限有特殊要求，请点击页面右上角-在线咨询-转人式反馈。
特别提醒 ：当行维度大于2或当前报表及行列转换后报表数据大于80列时，当前报表无法进行行列转换操作。"
报表怎么在APP查看,创建推送规则-设置推送渠道，即可在APP接收推送消息后点击查看。
统计报表导出并未按照筛选的部门排序,现有设计并未加入筛选条件排序，可在导出的Excel文件中完成排序。
为什么流程台账里都没有数据,需要主账号（主账号可见系统自带流程，以及子账号新建流程）分享下权限
如何转审批人,流程台账中进入审批详情，点击操作按钮选择转审批人
流程台账导出有几种导出方式分别是什么意思,导出（自定义导出，可自行勾选需要导出的内容）、导出全部（导出所有审批内容）、导出当前页（导出当前页面展示的审批内容）。
已经提交的审批有几种状态,审批中（还没有全部通过程）、已通过（所有流程均全部通过）、已驳回（有审批人进行驳回操作）、已作废（HR作废）、已撤回（申请人撤回）、已退回（审批人操作退回）。
点了抄送按钮抄送了人员在哪里可以看到抄送人, 在流程台账点击打印查看单据中添加的抄送人
审批人离职后更换审批人,管理员在流程台账-单据详情页中点击转审批人
为什么有些单据在流程调账搜索不到了,"系统归档规则：每月1号自动归档6个月前的数据。 可归档状态为：已同意、已驳回、已作废、已撤销； 不可归档状态：审批中、异常、已退回、已撤回。  
查看不到的单据需要在右上角“归档数据”中查看。"
怎么导出流程台账中的全部单据而不只是当前页的单据,选择全部数据后导出
归档数据中的单据可以删除或作废吗,仅支持查看和打印，不可删除或作废。
流程设置中可以更改审批图标吗,可以，在基础设置中选择要设置的图标即可。（ps：目前不支持上传自定义图标。）
点击下一步提示“条件1该条件设置有未填项”可是有条件内容呀,该提示需要检查条件1中是否有或的条件未填写，如果不需要可以删除条件后即可正在进入下一步。
流程台账中的附件可以查看到有哪些管理员下载了附件吗,目前不支持查看下载附件的相关记录。
HR在哪里可以催办审批单据,"可以在流程台账中点击“一键催办”
催办提醒的提醒方式：
在账号-基础设置-消息模板设置中勾选需要的提醒方式"
补卡审批设置审批人为空选择部门负责人但是流程转给了管理员,发起人的汇报对象为空，高级设置的转部门负责人是人存在的情况下处理的，若发起人的汇报对象设置了，但是离职或者被删除了，这种情况会触发高级设置中转部门负责人，当前发起人汇报对象直接没有，不会触发改逻辑。
提交假期申请后发现时间填写错了怎么处理呢,流程设置中设置了允许员工撤回，可以让发起员工直接撤回申请修改再提交，如果不允许员工撤回则需管理员作废申请单据后再让员工重新发起申请。
入职审批审批人没有操作过作废为什么流程列表里显示作废了,还在未通过状态的审批，如果管理员在员工-异动管理-入职中操作了“确认入职”，会提示放弃入职审批，放弃入职审批后，入职审批单据会被自动作废。
审批代理中是否可以设置自己代理自己的审批,会提示被代理人和代理人不能相同。
审批代理的时间可以精确到哪个时间单位,精确到小时。
审批代理是否可以选择多个代理人,同一审批流程同一时间只能选择一位代理人。但是同一时间范围内，可以选择多个代理人分别代理不同的审批流程。
A让B代理了审批 A还可以收到审批待办消息吗,可以收到，并且一样也可以进行审批。
审批代理设置,场景：公司某员工A休假一个月，休假期间无法对审批任务进行处理，委托同事B帮助其代理审批。
同一时间内A设置了B代理他的年假审批，B设置了C代理他的年假审批，这时间段内如果收到需要A审批的年假，C是否可以进行代理审批,不能，该条审批待办只会推送给AB两人，只能AB两人进行审批。
设置了一个流程但是在员工端看不到,"以下流程只能再HR端查看发起：
人事相关：入职，合同续签
招聘相关：录用审批
薪资福利：薪资福利台账审批、撤回，调薪审批"
录用审批中的工作地点无法正确带出来是为什么,需要在表单内将工作地点的字段设置为必填后，在流程中勾选表单相关字段才能正常带出；发起人中的工作地点字段无法带出
怎样设置离职审批,"找到人事相关，离职审批内进行设置
设置好了之后，在员工异动内，离职列表进行发起离职审批即可。"
能否给薪资核算设置审批流程,"可以的，在【薪资】-【薪资核算】，选择需要开启审批的方案，点击【规则设置】。
审批流程可在【审批中心】-【审批流程设置】进行详细设置。"
审批流程设置好了但是提请审批之后部门负责人带出来的结果和设置的不一致,申请人本身为部门负责人时，审批人设置中设置了“如果直接部门负责人是发起人本人，则向上查找上级部门负责人”，下一级审批人为申请人的部门负责人的场景下，会自动向上查找其上级部门负责人进行审批
主账号授予了我流程台账的权限但是我看不见审批内容,还需要在审批设置内，将该流程分享给子账号，才能在对应的审批列表内看到审批单据。
我设置好的审批流程看不见了,用户设置的时候，不要点 继续设置，点继续设置的话进入的是上一版本未发布的草稿数据，而上一版本的未发布的草稿数据就是没有任何审批节点的，进去就看不到设置的流程，设置的时候点 放弃 就可以了。（这是为了防止拥有该审批编辑功能的子账号都去点击审批设置，导致数据混淆，所以需要点击放弃，才能进入原始页面）
系统自带的人事与薪资福利审批，想要使用对应的套件在新增一个审批可以吗,人事套件可以使用在多个流程内，但是每个薪资福利套件仅能创建一个流程。
“或”条件是什么意思,例如在薪资费用审批中，薪资金额超过10万或者是薪资人数超过20人，就需要张三审批，就可以使用“或”条件。先设置条件金额大于等于十万，然后添加或条件，薪资人数大于等于20人。然后选择审批人为张三即可。
审批人空缺设置中有几个选项,自动通过、转管理员、作废、转部门负责人。
申请人关联字段是什么意思,选择了字段会自动带出申请人的基础信息。例如选择了手机号，就会自动将申请人的手机号带入表单内。需要注意的是，关联字段仅限在职员工。
加班套件内有补偿方式这一栏选项，但是为什么手机端申请的时候没有呢,如果加班规则设置的补偿方式是员工自主决定，这样手机端申请的时候对应的表单才会显示，如果设置的HR判定、转薪资或者转调休，这样就是不会显示的。
什么是会签与什么是或签,"会签
流程审批中，同一个节点出现多人审批时，须所有人同意才能通过，反之则不能通过。
或签
流程审批中，同一个节点出现多人审批时，有一票赞成则通过、有一票否决则退回，竞争执行，先执行审批的人决定这一节点的审批结果。"
同一个流程中重复的审批人可不可以跳过,当我们把流程固化以后，在部分流程中，可能出现同一个人审批多次的情况，这时建议大家设置“审批人去重”，请结合实际情况，选择去重的逻辑和规则。
条件的优先级怎么设置,"如果员工甲在流程分支中既满足A条件，又满足B条件，当A条件优先级大于B条件，则A条件生效，B条件自动忽略。
一般情况下，条件的优先级是按照添加顺序进行顺序排列的。"
怎样新建审批流程,"点击右上角“新建审批”

输入审批名称，选择分组、审批发起人员、图标。

选择系统套件或者根据基础字段进行自定义。

根据需求设置条件分支和添加审批人。
例如：不同部门提交的申请可以对应不同的审批人 ，不同的条件也可以对应不同的审批人。


支持多人会签和或签。

支持申请人、审批人表单权限设置
场景：某个申请表单中涉及到薪资敏感信息，员工提交后，第一个审批节点的审批人不能查看敏感信息，第二个节点的审批人可以查看敏感信息但是不能修改，第三个节点的审批人可以查看敏感信息也可以修改。

高级设置可以设置批量发起


设置完成后点击发布即可。"
修改了假期规则，设置不显示假期额度，为什么员工申请时还能看到额度呢,表单设计中设置的假期条件需要选择对应假期的套件，否则会按照设置中设置的假期套件显示假期额度。
表单设计中的共计时长“可编辑”按钮去掉后员工申请时还能选择开始时间和结束时间吗,可以，“可编辑”按钮仅针对共计时长，员工通过选择开始时间和结束时间后，自动自动计算出共计时长，去掉“可编辑”按钮后，员工将不能手动修改共计时长。
设置了多个流程员工只能看到其中几个流程是怎么回事,流程设置设置了发起人的适用范围，需要确认员工是否在设置的允许发起审批的范围内，不在范围内的员工将看不到流程申请入口。
设置审批人为空转管理员是转给哪个管理员,有流程台账的管理员都能在流程台账中操作审批。
可以看到什么时候操作的禁用流程吗,可以查看右上角显示的时间，显示的时间是记录的最新操作的时间。
审批如何分流,添加分支条件，设置判断的条件即可。
行政类审批在哪里设置审批流程呢,流程设置-其他类型审批设置-新增流程。
流程设置的员工分组权限怎么分配给资管理员账号,角色管理中需要给子管理员的角色分配账号-权限管理-员工分组管理，审批-流程设置-分组管理两个权限。
如何设置加签,"设置审批人时可以设置该审批节点是否允许加签。
注：加签功能仅支持审批人设置，发起人设置没有加签功能。"
外勤打卡突然没有了是什么原因呢,流程如果被禁用将不能提交该流程申请。
怎么禁用关闭流程,流程设置中点击禁用按钮即可操作禁用。
需要代他人发起审批需要怎么设置呢,设置发起人设置中勾选上“是否允许他人代发起”。
子管理员离职后怎么把他创建的流程分享给别人,需要联系超级管理员分享。
流程设置中的审批流程误删了还可以找回吗,不可以，删除为不可逆操作，删除后需要重新创建新的审批流程。
退回和驳回的区别,"驳回：是直接终止此申请，但是员工可以直接在此申请下，点击“再次发起”。
退回：是退回上一审批人（应用场景可能是某一审批节点，资料不齐备之类的。）"
怎么设置已通过的申请还可以撤回,高级设置中可以设置审批完成是否允许发起人撤回。
入职审批中的薪资档案怎么不能打印出来呢,在表单设计中需要勾选薪资档案参与打印。
审批人审批时怎么才能编辑表单中的内容,可以设置审批人的表单权限，把需要审批人编辑的字段后面勾选“可编辑”。
员工不能发起请假申请是为什么,建议先确认下流程设置中设置的应用范围是否有包含这个员工  
怎么设置员工申请的时间是“年-月-日-时-分”,"可以在休假规则中设置申请组件单位
设置后需要在流程设置删除原来的表单套件再添加新的表单套件"
请问这个消息发出去对方未读是否可以撤回,没有撤回功能，只有删除按钮。
删除发送的消息后对方还能看到消息吗,发送的消息通知删除后员工依然可以在APP查看到消息内容。
可以给员工群发通知吗, 可以的，在行政-消息发布中发布消息即可。  
发布公告后可评论的信息管理员可以在后台删除吗,员工在APP上的评论信息不可以在后台中进行删除
APP上是否可以进行回复他人的评论,"管理员只可在【行政】-【行政发布】-【公告】中找到对应的公告查看“评论情况”。

APP上他人的评论不可进行回复，只可进行评论，且不可删除他人评价。"
iphone公告展示效果和安卓不一致,手机分辨率不一样效果是不一样的 。
已经过期的公告通过消息推送点进去仍然可以看到吗,"消息没有回收机制，若需要删除，可在后台中删除已过期的公告。
注：删除后将不会在后台以及APP端有此公告信息。"
已发布的公司公告除了可查看“已读列表”“未读列表”还可以查看什么情况,若在发布公告时勾选了“可报名”、“可评论”，发布后，在查看时有“报名情况”、“评论情况”。
公告抬头图设置时上传3M的图片可以吗,不可以的，图片大小：不大于2M且图片尺寸：宽度268px、高度90px。
公告内容发布成功后员工APP端查看少字怎么办,HR需在发布内容时注意调整排版。以便于手机显示。
公司公告、公司制度已经发布了但发现内容有误如何操作,"可以直接将上一个删除，并重新发布。在员工手机端的原公告内容也将自动删除。
注：考虑到信息的严肃性问题，系统不允许对已经发布过的公告、制度内容在原来的基础上再更新。"
公司公告、公司制度的发布部门为何是手填的,考虑到发布者有可能是部门，也有可能是单个人，比如CEO，我们系统不再设定，而用手填的方式。
公司公告选择的接收人是部门是否意味着该部门下面所有员工都将接到该公告,是的。
新入职的员工在我的消息中看不到以前的公告吗, 是的。如果要查看以前的公告制度，只能在APP端-应用-公告制度查看。 
新建问卷时问卷类型选择“实名”可以勾选“可分享”吗,不可以的。 问卷类型是匿名状态下，是可以进行分享的。
调查问卷可以转换成链接或者二维码吗,"不可以。
建议在设置问卷调查的时候勾选“可分享”按钮，员工可以在APP-问卷调查中分享给别人。但是如果是分享给不在调查问卷范围中的员工链接是无效的。 "
问卷调查的发布状态有哪些,草稿、答题中、已结束、已发布未答题。
调查问卷里发布了之后就不能修改了吗,已经发布的问卷是不可以再次编辑的，建议复制后修改相关项再重新发布。
问卷结果能否直接导出统计结果,"实名填写的问卷有个人问卷结果列表页签，如果匿名的就没有。
问卷中的图表结果目前无法导出。"
调查问卷发布时间和开始答题时间不一致可以吗,"可以。
HR可以提前填好调查问卷内容并直接发布。已经发布的调查问卷只有在HR设定好的调查开始时间以后，才会自动发到员工的手机端App上。在此之前，将不会发送到员工手机端App上。"
调查问卷预览的题目是不能作答的吗,"是的。
 预览时不支持答题，发布了之后可进行作答。  "
制度状态有几种,草稿、预览、发布（预览）。
发布的制度点击 “查看”可以查看哪些列表,可查看“已读列表”、“未读列表”，查看人员具体信息。
制度发布中发布内容上传图片数量有限制吗,有的，不超过12张。
公司制度的类别如何确定,这是由HR自己确定的，在手机端App，系统将按照发布类别，自动将相同的归类。
之前行政-通知管理都会有企业微信通知吗,发送制度是会同步通知对接的企业微信中的。是因为禁用的“公告制度”应用导致该条制度实际是没有发送成功的，需要有权限的账号在账号-基础设置-企业微信设置-应用管理页面启用公告制度。
制度发布在选择的组织架构里面兼任人员是否也会收到, 制度发布系统设置的兼任人员不会收到制度，建议发布制度的时候同时勾选接收的部门和兼任该部门的员工，部门和员工都是可以同时勾选的。
制度发布按组织选择后续加入组织的人是否可以看到制度呢,可以看到。  
行政仓库出入库详情中有些字段展示并不一致,出库的数据是会根据列表中的内容生成，因此显示入库和出库的有些字段不一致。
改仓库物品的名字后不会同步至列表页面,"改仓库物品的名字后不会同步至列表页面。
在入库详情中的修改按钮，影响的是入库详情中选择的记录的数据（物品，型号，单价等属性），而不会影响行政仓库列表中的数据。（注：入库详情中的“数量”是会影响行政仓库列表中的“数量”的）"
为什么我已经提交了物品领用申请且审批通过但是在行政仓库中的总数量没有改变呢,是需要审批归档生效后才可以的。
点击出库审批人选的是自己为什么在行政审批中没有看到呢,要有公司级数据权限，或是主账号才可以查看的。
系统是以什么来区分归类物品的,物品编码。
请问有没有哪个地方可以设置公司钥匙管理的,可以在行政模块设置钥匙的出入库，员工可以申请领用，可以在流程设置-其他类型审批设置审批人，员工在APP可以进行申请，申请通过后归档可以出入库。
物品入库错了可以删除吗,可以在行政仓库中删除物品。入库详情中的内容只能修改，不能删除。
行政审批在哪些情况下可以提请审批,行政提请审批流程：审批中、归档中，只要HR没有归档都可以由HR重新提请审批。
提交用印审批如果被某个审批人驳回了，除了发起人看得到驳回信息，在审批流程中的其他审批人看得到吗,行政类审批在驳回后只有发起人可以看到，审批人目前是不会收到通知的。
子账号行政审批看不到单据,"如果子账号的数据权限是到部门，发起人是子账号的情况下，只能主账号查看、归档，
可以请主账号点击下归档，或者主账号在权限管理-用户管理-点击授权，管理范围勾选全体成员。  "
我们公司购买了1000个薪资方案，如果我们只是测试后面又删除了方案还算吗,只要创建了薪资方案就算，删除就不算在内，会进行扣减。
合同份额在哪里充值呢,可以在商城-增值服务中购买数字合同的数量
薪税通个税报送显示余额不足如何充值,在商城-增值服务-薪税通数量中购买即可。
请问外接口同步到i人事的外出单可以删除吗？openapi上的单子已经删除了，但是i人事上的单子还在，导致其他的单子提交不了,目前根据现有的接口是不能通过openapi删除后同步到i人事上的，目前只能通过接口创建，作废和获取外出单。
openapi同步到i人事的外出单可以撤回吗,不可以的。因为openapi上的单子只有创建，作废和获取。
公司名称在哪修改,可以在账号-企业账号里面变更企业名称 。
部门同事提交申请时审批人在企业微信上会收到两条提示怎么关闭,可以在账号-基础设置-消息模板设置中关掉待审批任务提醒中的提醒方式，不想在企业微信中收到，就关闭企业微信的提醒方式。
i人事可以加温馨提示吗比如员工入职满一年了，系统会弹一个一周年温馨提示函内容我们自己设定,可以在账号-基础设置-消息模板设置员工相关提醒。  
生日提醒我设置为了发给领导为啥领导没有收到呢, 除了员工本人外，其他设置的提醒对象只可以收到邮件提醒，不会收到站内信，钉钉，短信的提醒。
完成转正员工本人没有收到提醒,可以到消息模板设置-员工提醒设置中确认下适用范围是否勾选上员工所在的部门。
如何设置权限让其他HR收到自己管辖权限的员工合同到期提醒呢,设置合同到期提醒的通知对象，可以点击账号模块-基础设置-通知模板，点击编辑，可以在其他人中勾选。
怎么设置企业发信箱（企业邮箱）,"可以在右上角【企业账户-企业设置-推送消息设置】中设置企业发信箱，该邮箱用于公司公告、 制度等推送消息同时发送给员工时的发件邮箱使用
操作示例：
以网易126邮箱为例，在系统设置邮箱时，如果直接填邮箱密码，可能会提示邮箱登录名或密码错误。
此时需要设置一个第三方登录授权码
点击免费获取短信验证码
验证码输入后进入到此页面，输入并确认授权码
授权码设置完毕后，会提示开POP3/SMTP/IMAP服务，点击确认开启，否则设置邮箱时会提示连接失败

输入发信箱、第三方登录授权码，点击连接测试并保存，出现测试成功并保存，邮箱即设置成功"
